
> api@0.0.1 dev C:\Users\user\Desktop\deybis\tote-bag\apps\api
> nest start --watch

[2J[3J[H[[90m8:06:03 a. m.[0m] Starting compilation in watch mode...

[[90m8:06:18 a. m.[0m] Found 0 errors. Watching for file changes.

[Nest] 2026-03-25T13:06:22.988Z [32minfo[39m [NestFactory] Starting Nest application... +0ms
[Nest] 2026-03-25T13:06:23.037Z [32minfo[39m [InstanceLoader] SentryModule dependencies initialized +48ms
[Nest] 2026-03-25T13:06:23.037Z [32minfo[39m [InstanceLoader] PrismaModule dependencies initialized +0ms
[Nest] 2026-03-25T13:06:23.038Z [32minfo[39m [InstanceLoader] CartModule dependencies initialized +1ms
[Nest] 2026-03-25T13:06:23.038Z [32minfo[39m [InstanceLoader] AdminModule dependencies initialized +0ms
[Nest] 2026-03-25T13:06:23.062Z [32minfo[39m [InstanceLoader] ConfigHostModule dependencies initialized +24ms
[Nest] 2026-03-25T13:06:23.063Z [32minfo[39m [InstanceLoader] ThrottlerModule dependencies initialized +1ms
[Nest] 2026-03-25T13:06:23.065Z [32minfo[39m [InstanceLoader] PrometheusModule dependencies initialized +2ms
[Nest] 2026-03-25T13:06:23.065Z [32minfo[39m [InstanceLoader] RolesModule dependencies initialized +0ms
[Nest] 2026-03-25T13:06:23.073Z [32minfo[39m [InstanceLoader] ConfigModule dependencies initialized +8ms
[Nest] 2026-03-25T13:06:23.073Z [32minfo[39m [InstanceLoader] ConfigModule dependencies initialized +0ms
[Nest] 2026-03-25T13:06:23.079Z [32minfo[39m [InstanceLoader] DashboardModule dependencies initialized +6ms
[Nest] 2026-03-25T13:06:23.079Z [32minfo[39m [InstanceLoader] PricingModule dependencies initialized +0ms
[Nest] 2026-03-25T13:06:23.079Z [32minfo[39m [InstanceLoader] AuthModule dependencies initialized +0ms
[Nest] 2026-03-25T13:06:23.079Z [32minfo[39m [InstanceLoader] LocationsModule dependencies initialized +0ms
[Nest] 2026-03-25T13:06:23.079Z [32minfo[39m [InstanceLoader] AuditModule dependencies initialized +0ms
[Nest] 2026-03-25T13:06:23.079Z [32minfo[39m [InstanceLoader] ConfigurationModule dependencies initialized +0ms
[Nest] 2026-03-25T13:06:23.080Z [32minfo[39m [InstanceLoader] PersonalizationsModule dependencies initialized +1ms
[Nest] 2026-03-25T13:06:23.080Z [32minfo[39m [InstanceLoader] WizardModule dependencies initialized +0ms
[Nest] 2026-03-25T13:06:23.080Z [32minfo[39m [InstanceLoader] UsersModule dependencies initialized +0ms
[Nest] 2026-03-25T13:06:23.080Z [32minfo[39m [InstanceLoader] StorageModule dependencies initialized +0ms
[Nest] 2026-03-25T13:06:23.080Z [32minfo[39m [InstanceLoader] InventoryModule dependencies initialized +0ms
[Nest] 2026-03-25T13:06:23.080Z [32minfo[39m [InstanceLoader] ProfilesModule dependencies initialized +0ms
[Nest] 2026-03-25T13:06:23.080Z [32minfo[39m [InstanceLoader] CollectionsModule dependencies initialized +0ms
[Nest] 2026-03-25T13:06:23.081Z [32minfo[39m [InstanceLoader] PqrsModule dependencies initialized +1ms
[Nest] 2026-03-25T13:06:23.081Z [32minfo[39m [InstanceLoader] AddressesModule dependencies initialized +0ms
[Nest] 2026-03-25T13:06:23.083Z [32minfo[39m [InstanceLoader] ShippingModule dependencies initialized +2ms
[Nest] 2026-03-25T13:06:23.083Z [32minfo[39m [InstanceLoader] OrdersModule dependencies initialized +0ms
[Nest] 2026-03-25T13:06:23.083Z [32minfo[39m [InstanceLoader] CacheModule dependencies initialized +0ms
[Nest] 2026-03-25T13:06:23.084Z [32minfo[39m [InstanceLoader] AppModule dependencies initialized +1ms
[Nest] 2026-03-25T13:06:23.086Z [32minfo[39m [InstanceLoader] CatalogModule dependencies initialized +2ms
[Nest] 2026-03-25T13:06:23.086Z [32minfo[39m [InstanceLoader] B2BModule dependencies initialized +0ms
[Nest] 2026-03-25T13:06:23.087Z [32minfo[39m [InstanceLoader] PayrollModule dependencies initialized +1ms
[Nest] 2026-03-25T13:06:23.087Z [32minfo[39m [InstanceLoader] PaymentsModule dependencies initialized +0ms
[Nest] 2026-03-25T13:06:23.101Z [33mwarn[39m [LegacyRouteConverter] Unsupported route path: "/api/*". In previous versions, the symbols ?, *, and + were used to denote optional or repeating path parameters. The latest version of "path-to-regexp" now requires the use of named parameters. For example, instead of using a route like /users/* to capture all routes starting with "/users", you should use /users/*path. For more details, refer to the migration guide. Attempting to auto-convert... +14ms
[Nest] 2026-03-25T13:06:23.103Z [32minfo[39m [RoutesResolver] AppController {/api} (version: 1): +2ms
[Nest] 2026-03-25T13:06:23.106Z [32minfo[39m [RouterExplorer] Mapped {/api, GET} (version: 1) route +3ms
[Nest] 2026-03-25T13:06:23.106Z [32minfo[39m [RouterExplorer] Mapped {/api/debug-sentry, GET} (version: 1) route +0ms
[Nest] 2026-03-25T13:06:23.106Z [32minfo[39m [RoutesResolver] PrometheusController {/api/metrics} (version: 1): +0ms
[Nest] 2026-03-25T13:06:23.107Z [32minfo[39m [RouterExplorer] Mapped {/api/metrics, GET} (version: 1) route +1ms
[Nest] 2026-03-25T13:06:23.107Z [32minfo[39m [RoutesResolver] DashboardController {/api/dashboard} (version: 1): +0ms
[Nest] 2026-03-25T13:06:23.107Z [32minfo[39m [RouterExplorer] Mapped {/api/dashboard/stats, GET} (version: 1) route +0ms
[Nest] 2026-03-25T13:06:23.107Z [32minfo[39m [RoutesResolver] B2bController {/api/b2b} (version: 1): +0ms
[Nest] 2026-03-25T13:06:23.108Z [32minfo[39m [RouterExplorer] Mapped {/api/b2b/quote, POST} (version: 1) route +1ms
[Nest] 2026-03-25T13:06:23.108Z [32minfo[39m [RouterExplorer] Mapped {/api/b2b/quotes, GET} (version: 1) route +0ms
[Nest] 2026-03-25T13:06:23.109Z [32minfo[39m [RouterExplorer] Mapped {/api/b2b/quotes/:id/approve, PATCH} (version: 1) route +1ms
[Nest] 2026-03-25T13:06:23.109Z [32minfo[39m [RoutesResolver] PricingController {/api/pricing} (version: 1): +0ms
[Nest] 2026-03-25T13:06:23.109Z [32minfo[39m [RouterExplorer] Mapped {/api/pricing/quote, POST} (version: 1) route +0ms
[Nest] 2026-03-25T13:06:23.109Z [32minfo[39m [RoutesResolver] AuthController {/api/auth} (version: 1): +0ms
[Nest] 2026-03-25T13:06:23.109Z [32minfo[39m [RouterExplorer] Mapped {/api/auth/register, POST} (version: 1) route +0ms
[Nest] 2026-03-25T13:06:23.110Z [32minfo[39m [RouterExplorer] Mapped {/api/auth/login, POST} (version: 1) route +1ms
[Nest] 2026-03-25T13:06:23.110Z [32minfo[39m [RouterExplorer] Mapped {/api/auth/forgot-password, POST} (version: 1) route +0ms
[Nest] 2026-03-25T13:06:23.110Z [32minfo[39m [RoutesResolver] OrdersController {/api/orders} (version: 1): +0ms
[Nest] 2026-03-25T13:06:23.110Z [32minfo[39m [RouterExplorer] Mapped {/api/orders, POST} (version: 1) route +0ms
[Nest] 2026-03-25T13:06:23.111Z [32minfo[39m [RouterExplorer] Mapped {/api/orders, GET} (version: 1) route +1ms
[Nest] 2026-03-25T13:06:23.111Z [32minfo[39m [RouterExplorer] Mapped {/api/orders/user/:userId, GET} (version: 1) route +0ms
[Nest] 2026-03-25T13:06:23.111Z [32minfo[39m [RouterExplorer] Mapped {/api/orders/:id, GET} (version: 1) route +0ms
[Nest] 2026-03-25T13:06:23.111Z [32minfo[39m [RouterExplorer] Mapped {/api/orders/:id, PATCH} (version: 1) route +0ms
[Nest] 2026-03-25T13:06:23.111Z [32minfo[39m [RouterExplorer] Mapped {/api/orders/:id/receipt, GET} (version: 1) route +0ms
[Nest] 2026-03-25T13:06:23.112Z [32minfo[39m [RoutesResolver] InventoryController {/api/inventory} (version: 1): +1ms
[Nest] 2026-03-25T13:06:23.112Z [32minfo[39m [RouterExplorer] Mapped {/api/inventory/detailed, GET} (version: 1) route +0ms
[Nest] 2026-03-25T13:06:23.112Z [32minfo[39m [RouterExplorer] Mapped {/api/inventory/movements, GET} (version: 1) route +0ms
[Nest] 2026-03-25T13:06:23.112Z [32minfo[39m [RouterExplorer] Mapped {/api/inventory/products/:productId/average-cost, GET} (version: 1) route +0ms
[Nest] 2026-03-25T13:06:23.112Z [32minfo[39m [RouterExplorer] Mapped {/api/inventory/batch, POST} (version: 1) route +0ms
[Nest] 2026-03-25T13:06:23.113Z [32minfo[39m [RouterExplorer] Mapped {/api/inventory/receive-batch, POST} (version: 1) route +1ms
[Nest] 2026-03-25T13:06:23.113Z [32minfo[39m [RouterExplorer] Mapped {/api/inventory/batches, POST} (version: 1) route +0ms
[Nest] 2026-03-25T13:06:23.113Z [32minfo[39m [RouterExplorer] Mapped {/api/inventory/batches, GET} (version: 1) route +0ms
[Nest] 2026-03-25T13:06:23.113Z [32minfo[39m [RouterExplorer] Mapped {/api/inventory/suppliers, GET} (version: 1) route +0ms
[Nest] 2026-03-25T13:06:23.113Z [32minfo[39m [RouterExplorer] Mapped {/api/inventory/suppliers, POST} (version: 1) route +0ms
[Nest] 2026-03-25T13:06:23.114Z [32minfo[39m [RouterExplorer] Mapped {/api/inventory/suppliers/:id, GET} (version: 1) route +1ms
[Nest] 2026-03-25T13:06:23.114Z [32minfo[39m [RouterExplorer] Mapped {/api/inventory/suppliers/:id/payments, POST} (version: 1) route +0ms
[Nest] 2026-03-25T13:06:23.114Z [32minfo[39m [RouterExplorer] Mapped {/api/inventory/finance/summary, GET} (version: 1) route +0ms
[Nest] 2026-03-25T13:06:23.114Z [32minfo[39m [RouterExplorer] Mapped {/api/inventory/finance/cash-flow, GET} (version: 1) route +0ms
[Nest] 2026-03-25T13:06:23.114Z [32minfo[39m [RouterExplorer] Mapped {/api/inventory/finance/opex-categories, GET} (version: 1) route +0ms
[Nest] 2026-03-25T13:06:23.114Z [32minfo[39m [RouterExplorer] Mapped {/api/inventory/finance/opex-categories, POST} (version: 1) route +0ms
[Nest] 2026-03-25T13:06:23.115Z [32minfo[39m [RouterExplorer] Mapped {/api/inventory/finance/opex-transactions, GET} (version: 1) route +1ms
[Nest] 2026-03-25T13:06:23.115Z [32minfo[39m [RouterExplorer] Mapped {/api/inventory/finance/opex, POST} (version: 1) route +0ms
[Nest] 2026-03-25T13:06:23.115Z [32minfo[39m [RoutesResolver] ReportingController {/api/inventory/reporting} (version: 1): +0ms
[Nest] 2026-03-25T13:06:23.115Z [32minfo[39m [RouterExplorer] Mapped {/api/inventory/reporting/closing, GET} (version: 1) route +0ms
[Nest] 2026-03-25T13:06:23.115Z [32minfo[39m [RouterExplorer] Mapped {/api/inventory/reporting/valuation, GET} (version: 1) route +0ms
[Nest] 2026-03-25T13:06:23.115Z [32minfo[39m [RouterExplorer] Mapped {/api/inventory/reporting/accounting, GET} (version: 1) route +0ms
[Nest] 2026-03-25T13:06:23.116Z [32minfo[39m [RouterExplorer] Mapped {/api/inventory/reporting/accounting/export/excel, GET} (version: 1) route +1ms
[Nest] 2026-03-25T13:06:23.116Z [32minfo[39m [RouterExplorer] Mapped {/api/inventory/reporting/accounting/export/pdf, GET} (version: 1) route +0ms
[Nest] 2026-03-25T13:06:23.116Z [32minfo[39m [RoutesResolver] FinanceController {/api/finance} (version: 1): +0ms
[Nest] 2026-03-25T13:06:23.117Z [32minfo[39m [RouterExplorer] Mapped {/api/finance/report-preview, GET} (version: 1) route +1ms
[Nest] 2026-03-25T13:06:23.117Z [32minfo[39m [RouterExplorer] Mapped {/api/finance/export-report, GET} (version: 1) route +0ms
[Nest] 2026-03-25T13:06:23.117Z [32minfo[39m [RoutesResolver] ShippingController {/api/shipping} (version: 1): +0ms
[Nest] 2026-03-25T13:06:23.117Z [32minfo[39m [RouterExplorer] Mapped {/api/shipping/providers, POST} (version: 1) route +0ms
[Nest] 2026-03-25T13:06:23.117Z [32minfo[39m [RouterExplorer] Mapped {/api/shipping/providers, GET} (version: 1) route +0ms
[Nest] 2026-03-25T13:06:23.117Z [32minfo[39m [RouterExplorer] Mapped {/api/shipping/providers/:id, GET} (version: 1) route +0ms
[Nest] 2026-03-25T13:06:23.118Z [32minfo[39m [RouterExplorer] Mapped {/api/shipping/providers/:id, PATCH} (version: 1) route +1ms
[Nest] 2026-03-25T13:06:23.118Z [32minfo[39m [RouterExplorer] Mapped {/api/shipping/providers/:id, DELETE} (version: 1) route +0ms
[Nest] 2026-03-25T13:06:23.118Z [32minfo[39m [RouterExplorer] Mapped {/api/shipping/shipments/pending, GET} (version: 1) route +0ms
[Nest] 2026-03-25T13:06:23.118Z [32minfo[39m [RouterExplorer] Mapped {/api/shipping/shipments, GET} (version: 1) route +0ms
[Nest] 2026-03-25T13:06:23.118Z [32minfo[39m [RouterExplorer] Mapped {/api/shipping/shipments/:orderId, PATCH} (version: 1) route +0ms
[Nest] 2026-03-25T13:06:23.119Z [32minfo[39m [RouterExplorer] Mapped {/api/shipping/shipments/:orderId/process-return, POST} (version: 1) route +1ms
[Nest] 2026-03-25T13:06:23.119Z [32minfo[39m [RouterExplorer] Mapped {/api/shipping/shipments/:orderId/label, GET} (version: 1) route +0ms
[Nest] 2026-03-25T13:06:23.119Z [32minfo[39m [RoutesResolver] ProfilesController {/api/profiles} (version: 1): +0ms
[Nest] 2026-03-25T13:06:23.119Z [32minfo[39m [RouterExplorer] Mapped {/api/profiles/me, GET} (version: 1) route +0ms
[Nest] 2026-03-25T13:06:23.119Z [32minfo[39m [RouterExplorer] Mapped {/api/profiles/me, PATCH} (version: 1) route +0ms
[Nest] 2026-03-25T13:06:23.119Z [32minfo[39m [RouterExplorer] Mapped {/api/profiles, GET} (version: 1) route +0ms
[Nest] 2026-03-25T13:06:23.119Z [32minfo[39m [RouterExplorer] Mapped {/api/profiles/:id, GET} (version: 1) route +0ms
[Nest] 2026-03-25T13:06:23.120Z [32minfo[39m [RoutesResolver] PaymentsController {/api/payments} (version: 1): +1ms
[Nest] 2026-03-25T13:06:23.120Z [32minfo[39m [RouterExplorer] Mapped {/api/payments/signature/:orderId, GET} (version: 1) route +0ms
[Nest] 2026-03-25T13:06:23.120Z [32minfo[39m [RouterExplorer] Mapped {/api/payments/wompi/signature/:orderId, GET} (version: 1) route +0ms
[Nest] 2026-03-25T13:06:23.120Z [32minfo[39m [RouterExplorer] Mapped {/api/payments/webhook/wompi, POST} (version: 1) route +0ms
[Nest] 2026-03-25T13:06:23.120Z [32minfo[39m [RouterExplorer] Mapped {/api/payments/wompi/webhook, POST} (version: 1) route +0ms
[Nest] 2026-03-25T13:06:23.120Z [32minfo[39m [RouterExplorer] Mapped {/api/payments/upload-receipt/:entityType/:entityId, POST} (version: 1) route +0ms
[Nest] 2026-03-25T13:06:23.120Z [32minfo[39m [RoutesResolver] LocationsController {/api/locations} (version: 1): +0ms
[Nest] 2026-03-25T13:06:23.121Z [32minfo[39m [RouterExplorer] Mapped {/api/locations/departments, GET} (version: 1) route +1ms
[Nest] 2026-03-25T13:06:23.121Z [32minfo[39m [RouterExplorer] Mapped {/api/locations/municipalities/:departmentId, GET} (version: 1) route +0ms
[Nest] 2026-03-25T13:06:23.121Z [32minfo[39m [RoutesResolver] AddressesController {/api/addresses} (version: 1): +0ms
[Nest] 2026-03-25T13:06:23.121Z [32minfo[39m [RouterExplorer] Mapped {/api/addresses, POST} (version: 1) route +0ms
[Nest] 2026-03-25T13:06:23.121Z [32minfo[39m [RouterExplorer] Mapped {/api/addresses, GET} (version: 1) route +0ms
[Nest] 2026-03-25T13:06:23.121Z [32minfo[39m [RouterExplorer] Mapped {/api/addresses/:id, GET} (version: 1) route +0ms
[Nest] 2026-03-25T13:06:23.121Z [32minfo[39m [RouterExplorer] Mapped {/api/addresses/:id, PATCH} (version: 1) route +0ms
[Nest] 2026-03-25T13:06:23.122Z [32minfo[39m [RouterExplorer] Mapped {/api/addresses/:id, DELETE} (version: 1) route +1ms
[Nest] 2026-03-25T13:06:23.122Z [32minfo[39m [RoutesResolver] AuditController {/api/audit} (version: 1): +0ms
[Nest] 2026-03-25T13:06:23.122Z [32minfo[39m [RouterExplorer] Mapped {/api/audit, GET} (version: 1) route +0ms
[Nest] 2026-03-25T13:06:23.122Z [32minfo[39m [RouterExplorer] Mapped {/api/audit/:id, GET} (version: 1) route +0ms
[Nest] 2026-03-25T13:06:23.122Z [32minfo[39m [RoutesResolver] ConfigurationController {/api/configuration} (version: 1): +0ms
[Nest] 2026-03-25T13:06:23.122Z [32minfo[39m [RouterExplorer] Mapped {/api/configuration/products/:slug, GET} (version: 1) route +0ms
[Nest] 2026-03-25T13:06:23.122Z [32minfo[39m [RouterExplorer] Mapped {/api/configuration/options/:productId, GET} (version: 1) route +0ms
[Nest] 2026-03-25T13:06:23.123Z [32minfo[39m [RoutesResolver] CatalogController {/api/catalog} (version: 1): +1ms
[Nest] 2026-03-25T13:06:23.123Z [32minfo[39m [RouterExplorer] Mapped {/api/catalog, POST} (version: 1) route +0ms
[Nest] 2026-03-25T13:06:23.123Z [32minfo[39m [RouterExplorer] Mapped {/api/catalog/products, GET} (version: 1) route +0ms
[Nest] 2026-03-25T13:06:23.123Z [32minfo[39m [RouterExplorer] Mapped {/api/catalog/search, GET} (version: 1) route +0ms
[Nest] 2026-03-25T13:06:23.123Z [32minfo[39m [RouterExplorer] Mapped {/api/catalog/slug/:slug, GET} (version: 1) route +0ms
[Nest] 2026-03-25T13:06:23.123Z [32minfo[39m [RouterExplorer] Mapped {/api/catalog/products/:slug/config, GET} (version: 1) route +0ms
[Nest] 2026-03-25T13:06:23.124Z [32minfo[39m [RouterExplorer] Mapped {/api/catalog/:id, GET} (version: 1) route +1ms
[Nest] 2026-03-25T13:06:23.124Z [32minfo[39m [RouterExplorer] Mapped {/api/catalog/:id, PATCH} (version: 1) route +0ms
[Nest] 2026-03-25T13:06:23.124Z [32minfo[39m [RouterExplorer] Mapped {/api/catalog/:id, DELETE} (version: 1) route +0ms
[Nest] 2026-03-25T13:06:23.124Z [32minfo[39m [RoutesResolver] PersonalizationsController {/api/personalizations} (version: 1): +0ms
[Nest] 2026-03-25T13:06:23.124Z [32minfo[39m [RouterExplorer] Mapped {/api/personalizations, GET} (version: 1) route +0ms
[Nest] 2026-03-25T13:06:23.124Z [32minfo[39m [RouterExplorer] Mapped {/api/personalizations, POST} (version: 1) route +0ms
[Nest] 2026-03-25T13:06:23.124Z [32minfo[39m [RouterExplorer] Mapped {/api/personalizations/:id, PUT} (version: 1) route +0ms
[Nest] 2026-03-25T13:06:23.125Z [32minfo[39m [RouterExplorer] Mapped {/api/personalizations/:id, DELETE} (version: 1) route +1ms
[Nest] 2026-03-25T13:06:23.125Z [32minfo[39m [RoutesResolver] CollectionsController {/api/collections} (version: 1): +0ms
[Nest] 2026-03-25T13:06:23.125Z [32minfo[39m [RouterExplorer] Mapped {/api/collections, GET} (version: 1) route +0ms
[Nest] 2026-03-25T13:06:23.125Z [32minfo[39m [RouterExplorer] Mapped {/api/collections, POST} (version: 1) route +0ms
[Nest] 2026-03-25T13:06:23.125Z [32minfo[39m [RouterExplorer] Mapped {/api/collections/:id, PATCH} (version: 1) route +0ms
[Nest] 2026-03-25T13:06:23.125Z [32minfo[39m [RouterExplorer] Mapped {/api/collections/:id, DELETE} (version: 1) route +0ms
[Nest] 2026-03-25T13:06:23.125Z [32minfo[39m [RoutesResolver] WizardController {/api/wizard-options} (version: 1): +0ms
[Nest] 2026-03-25T13:06:23.125Z [32minfo[39m [RouterExplorer] Mapped {/api/wizard-options, GET} (version: 1) route +0ms
[Nest] 2026-03-25T13:06:23.126Z [32minfo[39m [RouterExplorer] Mapped {/api/wizard-options/grouped, GET} (version: 1) route +1ms
[Nest] 2026-03-25T13:06:23.126Z [32minfo[39m [RouterExplorer] Mapped {/api/wizard-options/:id, GET} (version: 1) route +0ms
[Nest] 2026-03-25T13:06:23.126Z [32minfo[39m [RouterExplorer] Mapped {/api/wizard-options, POST} (version: 1) route +0ms
[Nest] 2026-03-25T13:06:23.126Z [32minfo[39m [RouterExplorer] Mapped {/api/wizard-options/:id, PATCH} (version: 1) route +0ms
[Nest] 2026-03-25T13:06:23.126Z [32minfo[39m [RouterExplorer] Mapped {/api/wizard-options/:id, DELETE} (version: 1) route +0ms
[Nest] 2026-03-25T13:06:23.126Z [32minfo[39m [RoutesResolver] UsersController {/api/users} (version: 1): +0ms
[Nest] 2026-03-25T13:06:23.126Z [32minfo[39m [RouterExplorer] Mapped {/api/users, GET} (version: 1) route +0ms
[Nest] 2026-03-25T13:06:23.127Z [32minfo[39m [RouterExplorer] Mapped {/api/users/:id/role, PATCH} (version: 1) route +1ms
[Nest] 2026-03-25T13:06:23.127Z [32minfo[39m [RoutesResolver] PqrsController {/api/pqrs} (version: 1): +0ms
[Nest] 2026-03-25T13:06:23.127Z [32minfo[39m [RouterExplorer] Mapped {/api/pqrs, POST} (version: 1) route +0ms
[Nest] 2026-03-25T13:06:23.127Z [32minfo[39m [RouterExplorer] Mapped {/api/pqrs, GET} (version: 1) route +0ms
[Nest] 2026-03-25T13:06:23.127Z [32minfo[39m [RouterExplorer] Mapped {/api/pqrs/:id, PATCH} (version: 1) route +0ms
[Nest] 2026-03-25T13:06:23.127Z [32minfo[39m [RoutesResolver] PayrollController {/api/payroll} (version: 1): +0ms
[Nest] 2026-03-25T13:06:23.128Z [32minfo[39m [RouterExplorer] Mapped {/api/payroll/shifts, GET} (version: 1) route +1ms
[Nest] 2026-03-25T13:06:23.128Z [32minfo[39m [RouterExplorer] Mapped {/api/payroll/workers, GET} (version: 1) route +0ms
[Nest] 2026-03-25T13:06:23.128Z [32minfo[39m [RouterExplorer] Mapped {/api/payroll/workers/:id/history, GET} (version: 1) route +0ms
[Nest] 2026-03-25T13:06:23.128Z [32minfo[39m [RouterExplorer] Mapped {/api/payroll/statements, GET} (version: 1) route +0ms
[Nest] 2026-03-25T13:06:23.128Z [32minfo[39m [RouterExplorer] Mapped {/api/payroll/statements/:id, GET} (version: 1) route +0ms
[Nest] 2026-03-25T13:06:23.129Z [32minfo[39m [RouterExplorer] Mapped {/api/payroll/statements/:id/pdf, GET} (version: 1) route +1ms
[Nest] 2026-03-25T13:06:23.129Z [32minfo[39m [RouterExplorer] Mapped {/api/payroll/shifts, POST} (version: 1) route +0ms
[Nest] 2026-03-25T13:06:23.129Z [32minfo[39m [RouterExplorer] Mapped {/api/payroll/workers, POST} (version: 1) route +0ms
[Nest] 2026-03-25T13:06:23.129Z [32minfo[39m [RouterExplorer] Mapped {/api/payroll/shifts/:id, PATCH} (version: 1) route +0ms
[Nest] 2026-03-25T13:06:23.130Z [32minfo[39m [RouterExplorer] Mapped {/api/payroll/workers/:id, PATCH} (version: 1) route +1ms
[Nest] 2026-03-25T13:06:23.130Z [32minfo[39m [RouterExplorer] Mapped {/api/payroll/shifts/:id, DELETE} (version: 1) route +0ms
[Nest] 2026-03-25T13:06:23.130Z [32minfo[39m [RouterExplorer] Mapped {/api/payroll/statements/consolidate, POST} (version: 1) route +0ms
[Nest] 2026-03-25T13:06:23.130Z [32minfo[39m [RouterExplorer] Mapped {/api/payroll/statements/:id/status, PATCH} (version: 1) route +0ms
[Nest] 2026-03-25T13:06:23.222Z [32minfo[39m [NestApplication] Nest application successfully started +92ms
🚀 Application is running on: http://localhost:4004
AuthMiddleware: Received Authorization header for GET /
AuthMiddleware: synchronized user deybisasprilla@gmail.com
[Nest] 2026-03-25T13:06:37.563Z [32minfo[39m [HTTP] GET /api/v1/profiles/me 200 - Next.js Middleware 127.0.0.1 +1490ms +14s
AuthMiddleware: Received Authorization header for GET /?status=NUEVO
AuthMiddleware: synchronized user deybisasprilla@gmail.com
[Nest] 2026-03-25T13:06:38.328Z [32minfo[39m [HTTP] GET /api/v1/pqrs?status=NUEVO 200 - Mozilla/5.0 (Windows NT 10.0; Win64; x64) AppleWebKit/537.36 (KHTML, like Gecko) Chrome/146.0.0.0 Safari/537.36 127.0.0.1 +750ms +765ms
[Nest] 2026-03-25T13:06:52.237Z [32minfo[39m [HTTP] GET /api/v1/wizard-options/grouped 200 - Mozilla/5.0 (Windows NT; Windows NT 10.0; es-CO) WindowsPowerShell/5.1.19041.6456 127.0.0.1 +573ms +14s
AuthMiddleware: Received Authorization header for GET /
AuthMiddleware: synchronized user deybisasprilla@gmail.com
[Nest] 2026-03-25T13:07:07.183Z [32minfo[39m [HTTP] GET /api/v1/profiles/me 200 - Next.js Middleware 127.0.0.1 +1233ms +15s
AuthMiddleware: Received Authorization header for GET /?status=NUEVO
AuthMiddleware: synchronized user deybisasprilla@gmail.com
[Nest] 2026-03-25T13:07:07.887Z [32minfo[39m [HTTP] GET /api/v1/pqrs?status=NUEVO 200 - Mozilla/5.0 (Windows NT 10.0; Win64; x64) AppleWebKit/537.36 (KHTML, like Gecko) Chrome/146.0.0.0 Safari/537.36 127.0.0.1 +663ms +704ms
AuthMiddleware: Received Authorization header for GET /
AuthMiddleware: synchronized user deybisasprilla@gmail.com
[Nest] 2026-03-25T13:07:28.764Z [32minfo[39m [HTTP] GET /api/v1/profiles/me 200 - Next.js Middleware 127.0.0.1 +1366ms +21s
AuthMiddleware: Received Authorization header for GET /
AuthMiddleware: Received Authorization header for GET /
AuthMiddleware: Received Authorization header for GET /
AuthMiddleware: Received Authorization header for GET /
AuthMiddleware: Received Authorization header for GET /
AuthMiddleware: synchronized user deybisasprilla@gmail.com
AuthMiddleware: Received Authorization header for GET /
[Nest] 2026-03-25T13:07:29.909Z [32minfo[39m [HTTP] GET /api/v1/profiles/me 200 - Next.js Middleware 127.0.0.1 +742ms +1s
[Nest] 2026-03-25T13:07:30.056Z [32minfo[39m [HTTP] GET /api/v1/collections 200 - Mozilla/5.0 (Windows NT 10.0; Win64; x64) AppleWebKit/537.36 (KHTML, like Gecko) Chrome/146.0.0.0 Safari/537.36 127.0.0.1 +110ms +147ms
AuthMiddleware: synchronized user deybisasprilla@gmail.com
AuthMiddleware: synchronized user deybisasprilla@gmail.com
AuthMiddleware: synchronized user deybisasprilla@gmail.com
[Nest] 2026-03-25T13:07:30.508Z [32minfo[39m [HTTP] GET /api/v1/profiles/me 200 - Next.js Middleware 127.0.0.1 +1168ms +452ms
[Nest] 2026-03-25T13:07:30.516Z [32minfo[39m [HTTP] GET /api/v1/profiles/me 200 - Next.js Middleware 127.0.0.1 +1113ms +8ms
AuthMiddleware: Received Authorization header for GET /
AuthMiddleware: synchronized user deybisasprilla@gmail.com
AuthMiddleware: synchronized user deybisasprilla@gmail.com
[Nest] 2026-03-25T13:07:30.639Z [32minfo[39m [HTTP] GET /api/v1/profiles/me 200 - Next.js Middleware 127.0.0.1 +1216ms +123ms
AuthMiddleware: Received Authorization header for GET /?status=NUEVO
[Nest] 2026-03-25T13:07:30.729Z [32minfo[39m [HTTP] GET /api/v1/profiles/me 200 - Next.js Middleware 127.0.0.1 +1328ms +90ms
[Nest] 2026-03-25T13:07:30.821Z [32minfo[39m [HTTP] GET /api/v1/profiles/me 200 - Next.js Middleware 127.0.0.1 +1092ms +92ms
[Nest] 2026-03-25T13:07:30.853Z [32minfo[39m [HTTP] GET /api/v1/wizard-options/grouped 200 - Mozilla/5.0 (Windows NT 10.0; Win64; x64) AppleWebKit/537.36 (KHTML, like Gecko) Chrome/146.0.0.0 Safari/537.36 127.0.0.1 +108ms +32ms
AuthMiddleware: synchronized user deybisasprilla@gmail.com
[Nest] 2026-03-25T13:07:31.139Z [32minfo[39m [HTTP] GET /api/v1/catalog/products 200 - Mozilla/5.0 (Windows NT 10.0; Win64; x64) AppleWebKit/537.36 (KHTML, like Gecko) Chrome/146.0.0.0 Safari/537.36 127.0.0.1 +619ms +286ms
[Nest] 2026-03-25T13:07:31.286Z [32minfo[39m [HTTP] GET /api/v1/pqrs?status=NUEVO 200 - Mozilla/5.0 (Windows NT 10.0; Win64; x64) AppleWebKit/537.36 (KHTML, like Gecko) Chrome/146.0.0.0 Safari/537.36 127.0.0.1 +637ms +147ms
AuthMiddleware: synchronized user deybisasprilla@gmail.com
[Nest] 2026-03-25T13:07:31.518Z [32minfo[39m [HTTP] GET /api/v1/profiles/me 200 - Mozilla/5.0 (Windows NT 10.0; Win64; x64) AppleWebKit/537.36 (KHTML, like Gecko) Chrome/146.0.0.0 Safari/537.36 127.0.0.1 +989ms +232ms
AuthMiddleware: Received Authorization header for GET /
AuthMiddleware: Received Authorization header for GET /
AuthMiddleware: synchronized user deybisasprilla@gmail.com
[Nest] 2026-03-25T13:07:36.261Z [32minfo[39m [HTTP] GET /api/v1/profiles/me 200 - Next.js Middleware 127.0.0.1 +864ms +5s
AuthMiddleware: synchronized user deybisasprilla@gmail.com
[Nest] 2026-03-25T13:07:36.442Z [32minfo[39m [HTTP] GET /api/v1/profiles/me 200 - Next.js Middleware 127.0.0.1 +646ms +181ms
AuthMiddleware: Received Authorization header for GET /?status=NUEVO
AuthMiddleware: Received Authorization header for GET /
AuthMiddleware: Received Authorization header for GET /
AuthMiddleware: synchronized user deybisasprilla@gmail.com
AuthMiddleware: synchronized user deybisasprilla@gmail.com
[Nest] 2026-03-25T13:07:37.126Z [32minfo[39m [HTTP] GET /api/v1/pqrs?status=NUEVO 200 - Mozilla/5.0 (Windows NT 10.0; Win64; x64) AppleWebKit/537.36 (KHTML, like Gecko) Chrome/146.0.0.0 Safari/537.36 127.0.0.1 +644ms +684ms
[Nest] 2026-03-25T13:07:37.288Z [32minfo[39m [HTTP] GET /api/v1/profiles/me 200 - Next.js Middleware 127.0.0.1 +638ms +162ms
AuthMiddleware: synchronized user deybisasprilla@gmail.com
[Nest] 2026-03-25T13:07:37.396Z [32minfo[39m [HTTP] GET /api/v1/locations/departments 200 - Mozilla/5.0 (Windows NT 10.0; Win64; x64) AppleWebKit/537.36 (KHTML, like Gecko) Chrome/146.0.0.0 Safari/537.36 127.0.0.1 +93ms +108ms
AuthMiddleware: Received Authorization header for GET /
[Nest] 2026-03-25T13:07:37.563Z [32minfo[39m [HTTP] GET /api/v1/profiles/me 200 - Next.js Middleware 127.0.0.1 +734ms +167ms
AuthMiddleware: Received Authorization header for GET /
AuthMiddleware: synchronized user deybisasprilla@gmail.com
AuthMiddleware: synchronized user deybisasprilla@gmail.com
[Nest] 2026-03-25T13:07:38.250Z [32minfo[39m [HTTP] GET /api/v1/profiles/me 200 - Next.js Middleware 127.0.0.1 +732ms +687ms
[Nest] 2026-03-25T13:07:38.381Z [32minfo[39m [HTTP] GET /api/v1/locations/departments 200 - Mozilla/5.0 (Windows NT 10.0; Win64; x64) AppleWebKit/537.36 (KHTML, like Gecko) Chrome/146.0.0.0 Safari/537.36 127.0.0.1 +107ms +131ms
[Nest] 2026-03-25T13:07:38.572Z [32minfo[39m [HTTP] GET /api/v1/addresses 200 - Mozilla/5.0 (Windows NT 10.0; Win64; x64) AppleWebKit/537.36 (KHTML, like Gecko) Chrome/146.0.0.0 Safari/537.36 127.0.0.1 +999ms +191ms
AuthMiddleware: Received Authorization header for GET /
AuthMiddleware: synchronized user deybisasprilla@gmail.com
[Nest] 2026-03-25T13:07:39.432Z [32minfo[39m [HTTP] GET /api/v1/profiles/me 200 - Next.js Middleware 127.0.0.1 +741ms +860ms
AuthMiddleware: Received Authorization header for GET /
AuthMiddleware: synchronized user deybisasprilla@gmail.com
[Nest] 2026-03-25T13:07:40.391Z [32minfo[39m [HTTP] GET /api/v1/addresses 200 - Mozilla/5.0 (Windows NT 10.0; Win64; x64) AppleWebKit/537.36 (KHTML, like Gecko) Chrome/146.0.0.0 Safari/537.36 127.0.0.1 +941ms +959ms
AuthMiddleware: Received Authorization header for GET /
AuthMiddleware: synchronized user deybisasprilla@gmail.com
[Nest] 2026-03-25T13:08:29.399Z [32minfo[39m [HTTP] GET /api/v1/profiles/me 200 - Next.js Middleware 127.0.0.1 +1281ms +49s
AuthMiddleware: Received Authorization header for GET /?status=NUEVO
AuthMiddleware: synchronized user deybisasprilla@gmail.com
[Nest] 2026-03-25T13:08:30.101Z [32minfo[39m [HTTP] GET /api/v1/pqrs?status=NUEVO 200 - Mozilla/5.0 (Windows NT 10.0; Win64; x64) AppleWebKit/537.36 (KHTML, like Gecko) Chrome/146.0.0.0 Safari/537.36 127.0.0.1 +669ms +702ms
AuthMiddleware: Received Authorization header for GET /
AuthMiddleware: synchronized user deybisasprilla@gmail.com
[Nest] 2026-03-25T13:08:53.208Z [32minfo[39m [HTTP] GET /api/v1/profiles/me 200 - Next.js Middleware 127.0.0.1 +1039ms +23s
AuthMiddleware: Received Authorization header for GET /?status=NUEVO
AuthMiddleware: synchronized user deybisasprilla@gmail.com
[Nest] 2026-03-25T13:08:53.776Z [32minfo[39m [HTTP] GET /api/v1/pqrs?status=NUEVO 200 - Mozilla/5.0 (Windows NT 10.0; Win64; x64) AppleWebKit/537.36 (KHTML, like Gecko) Chrome/146.0.0.0 Safari/537.36 127.0.0.1 +551ms +568ms
AuthMiddleware: Received Authorization header for GET /
AuthMiddleware: synchronized user deybisasprilla@gmail.com
[Nest] 2026-03-25T13:09:29.073Z [32minfo[39m [HTTP] GET /api/v1/profiles/me 200 - Next.js Middleware 127.0.0.1 +1027ms +35s
AuthMiddleware: Received Authorization header for GET /?status=NUEVO
AuthMiddleware: synchronized user deybisasprilla@gmail.com
[Nest] 2026-03-25T13:09:29.661Z [32minfo[39m [HTTP] GET /api/v1/pqrs?status=NUEVO 200 - Mozilla/5.0 (Windows NT 10.0; Win64; x64) AppleWebKit/537.36 (KHTML, like Gecko) Chrome/146.0.0.0 Safari/537.36 127.0.0.1 +547ms +588ms
AuthMiddleware: Received Authorization header for GET /
AuthMiddleware: synchronized user deybisasprilla@gmail.com
[Nest] 2026-03-25T13:10:29.354Z [32minfo[39m [HTTP] GET /api/v1/profiles/me 200 - Next.js Middleware 127.0.0.1 +1338ms +60s
AuthMiddleware: Received Authorization header for GET /?status=NUEVO
AuthMiddleware: synchronized user deybisasprilla@gmail.com
[Nest] 2026-03-25T13:10:30.092Z [32minfo[39m [HTTP] GET /api/v1/pqrs?status=NUEVO 200 - Mozilla/5.0 (Windows NT 10.0; Win64; x64) AppleWebKit/537.36 (KHTML, like Gecko) Chrome/146.0.0.0 Safari/537.36 127.0.0.1 +723ms +738ms
AuthMiddleware: Received Authorization header for GET /
AuthMiddleware: synchronized user deybisasprilla@gmail.com
[Nest] 2026-03-25T13:11:29.321Z [32minfo[39m [HTTP] GET /api/v1/profiles/me 200 - Next.js Middleware 127.0.0.1 +1283ms +59s
AuthMiddleware: Received Authorization header for GET /?status=NUEVO
AuthMiddleware: synchronized user deybisasprilla@gmail.com
[Nest] 2026-03-25T13:11:30.016Z [32minfo[39m [HTTP] GET /api/v1/pqrs?status=NUEVO 200 - Mozilla/5.0 (Windows NT 10.0; Win64; x64) AppleWebKit/537.36 (KHTML, like Gecko) Chrome/146.0.0.0 Safari/537.36 127.0.0.1 +669ms +695ms
AuthMiddleware: Received Authorization header for GET /
AuthMiddleware: synchronized user deybisasprilla@gmail.com
[Nest] 2026-03-25T13:12:29.273Z [32minfo[39m [HTTP] GET /api/v1/profiles/me 200 - Next.js Middleware 127.0.0.1 +1076ms +59s
AuthMiddleware: Received Authorization header for GET /?status=NUEVO
AuthMiddleware: synchronized user deybisasprilla@gmail.com
[Nest] 2026-03-25T13:12:29.849Z [32minfo[39m [HTTP] GET /api/v1/pqrs?status=NUEVO 200 - Mozilla/5.0 (Windows NT 10.0; Win64; x64) AppleWebKit/537.36 (KHTML, like Gecko) Chrome/146.0.0.0 Safari/537.36 127.0.0.1 +560ms +576ms
AuthMiddleware: Received Authorization header for GET /
AuthMiddleware: synchronized user deybisasprilla@gmail.com
[Nest] 2026-03-25T13:13:29.197Z [32minfo[39m [HTTP] GET /api/v1/profiles/me 200 - Next.js Middleware 127.0.0.1 +1166ms +59s
AuthMiddleware: Received Authorization header for GET /?status=NUEVO
AuthMiddleware: synchronized user deybisasprilla@gmail.com
[Nest] 2026-03-25T13:13:29.846Z [32minfo[39m [HTTP] GET /api/v1/pqrs?status=NUEVO 200 - Mozilla/5.0 (Windows NT 10.0; Win64; x64) AppleWebKit/537.36 (KHTML, like Gecko) Chrome/146.0.0.0 Safari/537.36 127.0.0.1 +624ms +649ms
AuthMiddleware: Received Authorization header for GET /
AuthMiddleware: synchronized user deybisasprilla@gmail.com
[Nest] 2026-03-25T13:14:29.230Z [32minfo[39m [HTTP] GET /api/v1/profiles/me 200 - Next.js Middleware 127.0.0.1 +1213ms +59s
AuthMiddleware: Received Authorization header for GET /?status=NUEVO
AuthMiddleware: synchronized user deybisasprilla@gmail.com
[Nest] 2026-03-25T13:14:29.893Z [32minfo[39m [HTTP] GET /api/v1/pqrs?status=NUEVO 200 - Mozilla/5.0 (Windows NT 10.0; Win64; x64) AppleWebKit/537.36 (KHTML, like Gecko) Chrome/146.0.0.0 Safari/537.36 127.0.0.1 +645ms +663ms
[2J[3J[H[[90m8:14:29 a. m.[0m] File change detected. Starting incremental compilation...

[[90m8:14:30 a. m.[0m] Found 0 errors. Watching for file changes.

[2J[3J[H[[90m8:14:32 a. m.[0m] File change detected. Starting incremental compilation...

[[90m8:14:33 a. m.[0m] Found 0 errors. Watching for file changes.

[2J[3J[H[[90m8:14:34 a. m.[0m] File change detected. Starting incremental compilation...

[[90m8:14:35 a. m.[0m] Found 0 errors. Watching for file changes.

[2J[3J[H[[90m8:14:36 a. m.[0m] File change detected. Starting incremental compilation...

[[90m8:14:36 a. m.[0m] Found 0 errors. Watching for file changes.

[2J[3J[H[[90m8:14:39 a. m.[0m] File change detected. Starting incremental compilation...

[Nest] 2026-03-25T13:14:40.231Z [32minfo[39m [NestFactory] Starting Nest application... +0ms
[Nest] 2026-03-25T13:14:40.298Z [32minfo[39m [InstanceLoader] SentryModule dependencies initialized +67ms
[Nest] 2026-03-25T13:14:40.298Z [32minfo[39m [InstanceLoader] PrismaModule dependencies initialized +0ms
[Nest] 2026-03-25T13:14:40.299Z [32minfo[39m [InstanceLoader] CartModule dependencies initialized +1ms
[Nest] 2026-03-25T13:14:40.299Z [32minfo[39m [InstanceLoader] AdminModule dependencies initialized +0ms
[Nest] 2026-03-25T13:14:40.302Z [32minfo[39m [InstanceLoader] ConfigHostModule dependencies initialized +3ms
[Nest] 2026-03-25T13:14:40.303Z [32minfo[39m [InstanceLoader] ThrottlerModule dependencies initialized +1ms
[Nest] 2026-03-25T13:14:40.303Z [32minfo[39m [InstanceLoader] PrometheusModule dependencies initialized +0ms
[Nest] 2026-03-25T13:14:40.304Z [32minfo[39m [InstanceLoader] RolesModule dependencies initialized +1ms
[Nest] 2026-03-25T13:14:40.307Z [32minfo[39m [InstanceLoader] ConfigModule dependencies initialized +3ms
[Nest] 2026-03-25T13:14:40.308Z [32minfo[39m [InstanceLoader] ConfigModule dependencies initialized +1ms
[Nest] 2026-03-25T13:14:40.311Z [32minfo[39m [InstanceLoader] DashboardModule dependencies initialized +3ms
[Nest] 2026-03-25T13:14:40.312Z [32minfo[39m [InstanceLoader] PricingModule dependencies initialized +1ms
[Nest] 2026-03-25T13:14:40.312Z [32minfo[39m [InstanceLoader] AuthModule dependencies initialized +0ms
[Nest] 2026-03-25T13:14:40.312Z [32minfo[39m [InstanceLoader] LocationsModule dependencies initialized +0ms
[Nest] 2026-03-25T13:14:40.312Z [32minfo[39m [InstanceLoader] AuditModule dependencies initialized +0ms
[Nest] 2026-03-25T13:14:40.312Z [32minfo[39m [InstanceLoader] ConfigurationModule dependencies initialized +0ms
[Nest] 2026-03-25T13:14:40.312Z [32minfo[39m [InstanceLoader] PersonalizationsModule dependencies initialized +0ms
[Nest] 2026-03-25T13:14:40.312Z [32minfo[39m [InstanceLoader] WizardModule dependencies initialized +0ms
[Nest] 2026-03-25T13:14:40.312Z [32minfo[39m [InstanceLoader] UsersModule dependencies initialized +0ms
[Nest] 2026-03-25T13:14:40.312Z [32minfo[39m [InstanceLoader] StorageModule dependencies initialized +0ms
[Nest] 2026-03-25T13:14:40.313Z [32minfo[39m [InstanceLoader] InventoryModule dependencies initialized +1ms
[Nest] 2026-03-25T13:14:40.313Z [32minfo[39m [InstanceLoader] ProfilesModule dependencies initialized +0ms
[Nest] 2026-03-25T13:14:40.313Z [32minfo[39m [InstanceLoader] CollectionsModule dependencies initialized +0ms
[Nest] 2026-03-25T13:14:40.313Z [32minfo[39m [InstanceLoader] PqrsModule dependencies initialized +0ms
[Nest] 2026-03-25T13:14:40.314Z [32minfo[39m [InstanceLoader] AddressesModule dependencies initialized +1ms
[Nest] 2026-03-25T13:14:40.316Z [32minfo[39m [InstanceLoader] ShippingModule dependencies initialized +2ms
[Nest] 2026-03-25T13:14:40.316Z [32minfo[39m [InstanceLoader] OrdersModule dependencies initialized +0ms
[Nest] 2026-03-25T13:14:40.317Z [32minfo[39m [InstanceLoader] CacheModule dependencies initialized +1ms
[Nest] 2026-03-25T13:14:40.317Z [32minfo[39m [InstanceLoader] AppModule dependencies initialized +0ms
[Nest] 2026-03-25T13:14:40.318Z [32minfo[39m [InstanceLoader] CatalogModule dependencies initialized +1ms
[Nest] 2026-03-25T13:14:40.318Z [32minfo[39m [InstanceLoader] B2BModule dependencies initialized +0ms
[Nest] 2026-03-25T13:14:40.318Z [32minfo[39m [InstanceLoader] PayrollModule dependencies initialized +0ms
[Nest] 2026-03-25T13:14:40.318Z [32minfo[39m [InstanceLoader] PaymentsModule dependencies initialized +0ms
[Nest] 2026-03-25T13:14:40.335Z [33mwarn[39m [LegacyRouteConverter] Unsupported route path: "/api/*". In previous versions, the symbols ?, *, and + were used to denote optional or repeating path parameters. The latest version of "path-to-regexp" now requires the use of named parameters. For example, instead of using a route like /users/* to capture all routes starting with "/users", you should use /users/*path. For more details, refer to the migration guide. Attempting to auto-convert... +17ms
[Nest] 2026-03-25T13:14:40.336Z [32minfo[39m [RoutesResolver] AppController {/api} (version: 1): +1ms
[Nest] 2026-03-25T13:14:40.341Z [32minfo[39m [RouterExplorer] Mapped {/api, GET} (version: 1) route +5ms
[Nest] 2026-03-25T13:14:40.341Z [32minfo[39m [RouterExplorer] Mapped {/api/debug-sentry, GET} (version: 1) route +0ms
[Nest] 2026-03-25T13:14:40.341Z [32minfo[39m [RoutesResolver] PrometheusController {/api/metrics} (version: 1): +0ms
[Nest] 2026-03-25T13:14:40.342Z [32minfo[39m [RouterExplorer] Mapped {/api/metrics, GET} (version: 1) route +1ms
[Nest] 2026-03-25T13:14:40.342Z [32minfo[39m [RoutesResolver] DashboardController {/api/dashboard} (version: 1): +0ms
[Nest] 2026-03-25T13:14:40.343Z [32minfo[39m [RouterExplorer] Mapped {/api/dashboard/stats, GET} (version: 1) route +1ms
[Nest] 2026-03-25T13:14:40.343Z [32minfo[39m [RoutesResolver] B2bController {/api/b2b} (version: 1): +0ms
[Nest] 2026-03-25T13:14:40.344Z [32minfo[39m [RouterExplorer] Mapped {/api/b2b/quote, POST} (version: 1) route +1ms
[Nest] 2026-03-25T13:14:40.344Z [32minfo[39m [RouterExplorer] Mapped {/api/b2b/quotes, GET} (version: 1) route +0ms
[Nest] 2026-03-25T13:14:40.345Z [32minfo[39m [RouterExplorer] Mapped {/api/b2b/quotes/:id/approve, PATCH} (version: 1) route +1ms
[Nest] 2026-03-25T13:14:40.345Z [32minfo[39m [RoutesResolver] PricingController {/api/pricing} (version: 1): +0ms
[Nest] 2026-03-25T13:14:40.346Z [32minfo[39m [RouterExplorer] Mapped {/api/pricing/quote, POST} (version: 1) route +1ms
[Nest] 2026-03-25T13:14:40.346Z [32minfo[39m [RoutesResolver] AuthController {/api/auth} (version: 1): +0ms
[Nest] 2026-03-25T13:14:40.347Z [32minfo[39m [RouterExplorer] Mapped {/api/auth/register, POST} (version: 1) route +1ms
[Nest] 2026-03-25T13:14:40.348Z [32minfo[39m [RouterExplorer] Mapped {/api/auth/login, POST} (version: 1) route +1ms
[Nest] 2026-03-25T13:14:40.348Z [32minfo[39m [RouterExplorer] Mapped {/api/auth/forgot-password, POST} (version: 1) route +0ms
[Nest] 2026-03-25T13:14:40.348Z [32minfo[39m [RoutesResolver] OrdersController {/api/orders} (version: 1): +0ms
[Nest] 2026-03-25T13:14:40.349Z [32minfo[39m [RouterExplorer] Mapped {/api/orders, POST} (version: 1) route +1ms
[Nest] 2026-03-25T13:14:40.349Z [32minfo[39m [RouterExplorer] Mapped {/api/orders, GET} (version: 1) route +0ms
[Nest] 2026-03-25T13:14:40.350Z [32minfo[39m [RouterExplorer] Mapped {/api/orders/user/:userId, GET} (version: 1) route +1ms
[Nest] 2026-03-25T13:14:40.350Z [32minfo[39m [RouterExplorer] Mapped {/api/orders/:id, GET} (version: 1) route +0ms
[Nest] 2026-03-25T13:14:40.350Z [32minfo[39m [RouterExplorer] Mapped {/api/orders/:id, PATCH} (version: 1) route +0ms
[Nest] 2026-03-25T13:14:40.351Z [32minfo[39m [RouterExplorer] Mapped {/api/orders/:id/receipt, GET} (version: 1) route +1ms
[Nest] 2026-03-25T13:14:40.351Z [32minfo[39m [RoutesResolver] InventoryController {/api/inventory} (version: 1): +0ms
[Nest] 2026-03-25T13:14:40.351Z [32minfo[39m [RouterExplorer] Mapped {/api/inventory/detailed, GET} (version: 1) route +0ms
[Nest] 2026-03-25T13:14:40.352Z [32minfo[39m [RouterExplorer] Mapped {/api/inventory/movements, GET} (version: 1) route +1ms
[Nest] 2026-03-25T13:14:40.352Z [32minfo[39m [RouterExplorer] Mapped {/api/inventory/products/:productId/average-cost, GET} (version: 1) route +0ms
[Nest] 2026-03-25T13:14:40.353Z [32minfo[39m [RouterExplorer] Mapped {/api/inventory/batch, POST} (version: 1) route +1ms
[Nest] 2026-03-25T13:14:40.353Z [32minfo[39m [RouterExplorer] Mapped {/api/inventory/receive-batch, POST} (version: 1) route +0ms
[Nest] 2026-03-25T13:14:40.354Z [32minfo[39m [RouterExplorer] Mapped {/api/inventory/batches, POST} (version: 1) route +1ms
[Nest] 2026-03-25T13:14:40.354Z [32minfo[39m [RouterExplorer] Mapped {/api/inventory/batches, GET} (version: 1) route +0ms
[Nest] 2026-03-25T13:14:40.354Z [32minfo[39m [RouterExplorer] Mapped {/api/inventory/suppliers, GET} (version: 1) route +0ms
[Nest] 2026-03-25T13:14:40.355Z [32minfo[39m [RouterExplorer] Mapped {/api/inventory/suppliers, POST} (version: 1) route +1ms
[Nest] 2026-03-25T13:14:40.355Z [32minfo[39m [RouterExplorer] Mapped {/api/inventory/suppliers/:id, GET} (version: 1) route +0ms
[Nest] 2026-03-25T13:14:40.356Z [32minfo[39m [RouterExplorer] Mapped {/api/inventory/suppliers/:id/payments, POST} (version: 1) route +1ms
[Nest] 2026-03-25T13:14:40.356Z [32minfo[39m [RouterExplorer] Mapped {/api/inventory/finance/summary, GET} (version: 1) route +0ms
[Nest] 2026-03-25T13:14:40.356Z [32minfo[39m [RouterExplorer] Mapped {/api/inventory/finance/cash-flow, GET} (version: 1) route +0ms
[Nest] 2026-03-25T13:14:40.357Z [32minfo[39m [RouterExplorer] Mapped {/api/inventory/finance/opex-categories, GET} (version: 1) route +1ms
[Nest] 2026-03-25T13:14:40.357Z [32minfo[39m [RouterExplorer] Mapped {/api/inventory/finance/opex-categories, POST} (version: 1) route +0ms
[Nest] 2026-03-25T13:14:40.357Z [32minfo[39m [RouterExplorer] Mapped {/api/inventory/finance/opex-transactions, GET} (version: 1) route +0ms
[Nest] 2026-03-25T13:14:40.358Z [32minfo[39m [RouterExplorer] Mapped {/api/inventory/finance/opex, POST} (version: 1) route +1ms
[Nest] 2026-03-25T13:14:40.358Z [32minfo[39m [RoutesResolver] ReportingController {/api/inventory/reporting} (version: 1): +0ms
[Nest] 2026-03-25T13:14:40.358Z [32minfo[39m [RouterExplorer] Mapped {/api/inventory/reporting/closing, GET} (version: 1) route +0ms
[Nest] 2026-03-25T13:14:40.359Z [32minfo[39m [RouterExplorer] Mapped {/api/inventory/reporting/valuation, GET} (version: 1) route +1ms
[Nest] 2026-03-25T13:14:40.359Z [32minfo[39m [RouterExplorer] Mapped {/api/inventory/reporting/accounting, GET} (version: 1) route +0ms
[Nest] 2026-03-25T13:14:40.360Z [32minfo[39m [RouterExplorer] Mapped {/api/inventory/reporting/accounting/export/excel, GET} (version: 1) route +1ms
[Nest] 2026-03-25T13:14:40.360Z [32minfo[39m [RouterExplorer] Mapped {/api/inventory/reporting/accounting/export/pdf, GET} (version: 1) route +0ms
[Nest] 2026-03-25T13:14:40.360Z [32minfo[39m [RoutesResolver] FinanceController {/api/finance} (version: 1): +0ms
[Nest] 2026-03-25T13:14:40.361Z [32minfo[39m [RouterExplorer] Mapped {/api/finance/report-preview, GET} (version: 1) route +1ms
[Nest] 2026-03-25T13:14:40.361Z [32minfo[39m [RouterExplorer] Mapped {/api/finance/export-report, GET} (version: 1) route +0ms
[Nest] 2026-03-25T13:14:40.361Z [32minfo[39m [RoutesResolver] ShippingController {/api/shipping} (version: 1): +0ms
[Nest] 2026-03-25T13:14:40.362Z [32minfo[39m [RouterExplorer] Mapped {/api/shipping/providers, POST} (version: 1) route +1ms
[Nest] 2026-03-25T13:14:40.362Z [32minfo[39m [RouterExplorer] Mapped {/api/shipping/providers, GET} (version: 1) route +0ms
[Nest] 2026-03-25T13:14:40.362Z [32minfo[39m [RouterExplorer] Mapped {/api/shipping/providers/:id, GET} (version: 1) route +0ms
[Nest] 2026-03-25T13:14:40.362Z [32minfo[39m [RouterExplorer] Mapped {/api/shipping/providers/:id, PATCH} (version: 1) route +0ms
[Nest] 2026-03-25T13:14:40.363Z [32minfo[39m [RouterExplorer] Mapped {/api/shipping/providers/:id, DELETE} (version: 1) route +1ms
[Nest] 2026-03-25T13:14:40.363Z [32minfo[39m [RouterExplorer] Mapped {/api/shipping/shipments/pending, GET} (version: 1) route +0ms
[Nest] 2026-03-25T13:14:40.364Z [32minfo[39m [RouterExplorer] Mapped {/api/shipping/shipments, GET} (version: 1) route +1ms
[Nest] 2026-03-25T13:14:40.364Z [32minfo[39m [RouterExplorer] Mapped {/api/shipping/shipments/:orderId, PATCH} (version: 1) route +0ms
[Nest] 2026-03-25T13:14:40.364Z [32minfo[39m [RouterExplorer] Mapped {/api/shipping/shipments/:orderId/process-return, POST} (version: 1) route +0ms
[Nest] 2026-03-25T13:14:40.364Z [32minfo[39m [RouterExplorer] Mapped {/api/shipping/shipments/:orderId/label, GET} (version: 1) route +0ms
[Nest] 2026-03-25T13:14:40.365Z [32minfo[39m [RoutesResolver] ProfilesController {/api/profiles} (version: 1): +1ms
[Nest] 2026-03-25T13:14:40.365Z [32minfo[39m [RouterExplorer] Mapped {/api/profiles/me, GET} (version: 1) route +0ms
[Nest] 2026-03-25T13:14:40.365Z [32minfo[39m [RouterExplorer] Mapped {/api/profiles/me, PATCH} (version: 1) route +0ms
[Nest] 2026-03-25T13:14:40.365Z [32minfo[39m [RouterExplorer] Mapped {/api/profiles, GET} (version: 1) route +0ms
[Nest] 2026-03-25T13:14:40.365Z [32minfo[39m [RouterExplorer] Mapped {/api/profiles/:id, GET} (version: 1) route +0ms
[Nest] 2026-03-25T13:14:40.365Z [32minfo[39m [RoutesResolver] PaymentsController {/api/payments} (version: 1): +0ms
[Nest] 2026-03-25T13:14:40.366Z [32minfo[39m [RouterExplorer] Mapped {/api/payments/signature/:orderId, GET} (version: 1) route +1ms
[Nest] 2026-03-25T13:14:40.366Z [32minfo[39m [RouterExplorer] Mapped {/api/payments/wompi/signature/:orderId, GET} (version: 1) route +0ms
[Nest] 2026-03-25T13:14:40.366Z [32minfo[39m [RouterExplorer] Mapped {/api/payments/webhook/wompi, POST} (version: 1) route +0ms
[Nest] 2026-03-25T13:14:40.366Z [32minfo[39m [RouterExplorer] Mapped {/api/payments/wompi/webhook, POST} (version: 1) route +0ms
[Nest] 2026-03-25T13:14:40.367Z [32minfo[39m [RouterExplorer] Mapped {/api/payments/upload-receipt/:entityType/:entityId, POST} (version: 1) route +1ms
[Nest] 2026-03-25T13:14:40.367Z [32minfo[39m [RoutesResolver] LocationsController {/api/locations} (version: 1): +0ms
[Nest] 2026-03-25T13:14:40.367Z [32minfo[39m [RouterExplorer] Mapped {/api/locations/departments, GET} (version: 1) route +0ms
[Nest] 2026-03-25T13:14:40.367Z [32minfo[39m [RouterExplorer] Mapped {/api/locations/municipalities/:departmentId, GET} (version: 1) route +0ms
[Nest] 2026-03-25T13:14:40.367Z [32minfo[39m [RoutesResolver] AddressesController {/api/addresses} (version: 1): +0ms
[Nest] 2026-03-25T13:14:40.368Z [32minfo[39m [RouterExplorer] Mapped {/api/addresses, POST} (version: 1) route +1ms
[Nest] 2026-03-25T13:14:40.368Z [32minfo[39m [RouterExplorer] Mapped {/api/addresses, GET} (version: 1) route +0ms
[Nest] 2026-03-25T13:14:40.368Z [32minfo[39m [RouterExplorer] Mapped {/api/addresses/:id, GET} (version: 1) route +0ms
[Nest] 2026-03-25T13:14:40.369Z [32minfo[39m [RouterExplorer] Mapped {/api/addresses/:id, PATCH} (version: 1) route +1ms
[Nest] 2026-03-25T13:14:40.369Z [32minfo[39m [RouterExplorer] Mapped {/api/addresses/:id, DELETE} (version: 1) route +0ms
[Nest] 2026-03-25T13:14:40.369Z [32minfo[39m [RoutesResolver] AuditController {/api/audit} (version: 1): +0ms
[Nest] 2026-03-25T13:14:40.369Z [32minfo[39m [RouterExplorer] Mapped {/api/audit, GET} (version: 1) route +0ms
[Nest] 2026-03-25T13:14:40.370Z [32minfo[39m [RouterExplorer] Mapped {/api/audit/:id, GET} (version: 1) route +1ms
[Nest] 2026-03-25T13:14:40.370Z [32minfo[39m [RoutesResolver] ConfigurationController {/api/configuration} (version: 1): +0ms
[Nest] 2026-03-25T13:14:40.370Z [32minfo[39m [RouterExplorer] Mapped {/api/configuration/products/:slug, GET} (version: 1) route +0ms
[Nest] 2026-03-25T13:14:40.370Z [32minfo[39m [RouterExplorer] Mapped {/api/configuration/options/:productId, GET} (version: 1) route +0ms
[Nest] 2026-03-25T13:14:40.370Z [32minfo[39m [RoutesResolver] CatalogController {/api/catalog} (version: 1): +0ms
[Nest] 2026-03-25T13:14:40.371Z [32minfo[39m [RouterExplorer] Mapped {/api/catalog, POST} (version: 1) route +1ms
[Nest] 2026-03-25T13:14:40.371Z [32minfo[39m [RouterExplorer] Mapped {/api/catalog/products, GET} (version: 1) route +0ms
[Nest] 2026-03-25T13:14:40.371Z [32minfo[39m [RouterExplorer] Mapped {/api/catalog/search, GET} (version: 1) route +0ms
[Nest] 2026-03-25T13:14:40.371Z [32minfo[39m [RouterExplorer] Mapped {/api/catalog/slug/:slug, GET} (version: 1) route +0ms
[Nest] 2026-03-25T13:14:40.372Z [32minfo[39m [RouterExplorer] Mapped {/api/catalog/products/:slug/config, GET} (version: 1) route +1ms
[Nest] 2026-03-25T13:14:40.372Z [32minfo[39m [RouterExplorer] Mapped {/api/catalog/:id, GET} (version: 1) route +0ms
[Nest] 2026-03-25T13:14:40.372Z [32minfo[39m [RouterExplorer] Mapped {/api/catalog/:id, PATCH} (version: 1) route +0ms
[Nest] 2026-03-25T13:14:40.373Z [32minfo[39m [RouterExplorer] Mapped {/api/catalog/:id, DELETE} (version: 1) route +1ms
[Nest] 2026-03-25T13:14:40.373Z [32minfo[39m [RoutesResolver] PersonalizationsController {/api/personalizations} (version: 1): +0ms
[Nest] 2026-03-25T13:14:40.373Z [32minfo[39m [RouterExplorer] Mapped {/api/personalizations, GET} (version: 1) route +0ms
[Nest] 2026-03-25T13:14:40.373Z [32minfo[39m [RouterExplorer] Mapped {/api/personalizations, POST} (version: 1) route +0ms
[Nest] 2026-03-25T13:14:40.374Z [32minfo[39m [RouterExplorer] Mapped {/api/personalizations/:id, PUT} (version: 1) route +1ms
[Nest] 2026-03-25T13:14:40.374Z [32minfo[39m [RouterExplorer] Mapped {/api/personalizations/:id, DELETE} (version: 1) route +0ms
[Nest] 2026-03-25T13:14:40.374Z [32minfo[39m [RoutesResolver] CollectionsController {/api/collections} (version: 1): +0ms
[Nest] 2026-03-25T13:14:40.374Z [32minfo[39m [RouterExplorer] Mapped {/api/collections, GET} (version: 1) route +0ms
[Nest] 2026-03-25T13:14:40.374Z [32minfo[39m [RouterExplorer] Mapped {/api/collections, POST} (version: 1) route +0ms
[Nest] 2026-03-25T13:14:40.375Z [32minfo[39m [RouterExplorer] Mapped {/api/collections/:id, PATCH} (version: 1) route +1ms
[Nest] 2026-03-25T13:14:40.375Z [32minfo[39m [RouterExplorer] Mapped {/api/collections/:id, DELETE} (version: 1) route +0ms
[Nest] 2026-03-25T13:14:40.375Z [32minfo[39m [RoutesResolver] WizardController {/api/wizard-options} (version: 1): +0ms
[Nest] 2026-03-25T13:14:40.375Z [32minfo[39m [RouterExplorer] Mapped {/api/wizard-options, GET} (version: 1) route +0ms
[Nest] 2026-03-25T13:14:40.375Z [32minfo[39m [RouterExplorer] Mapped {/api/wizard-options/grouped, GET} (version: 1) route +0ms
[Nest] 2026-03-25T13:14:40.376Z [32minfo[39m [RouterExplorer] Mapped {/api/wizard-options/:id, GET} (version: 1) route +1ms
[Nest] 2026-03-25T13:14:40.376Z [32minfo[39m [RouterExplorer] Mapped {/api/wizard-options, POST} (version: 1) route +0ms
[Nest] 2026-03-25T13:14:40.377Z [32minfo[39m [RouterExplorer] Mapped {/api/wizard-options/:id, PATCH} (version: 1) route +1ms
[Nest] 2026-03-25T13:14:40.377Z [32minfo[39m [RouterExplorer] Mapped {/api/wizard-options/:id, DELETE} (version: 1) route +0ms
[Nest] 2026-03-25T13:14:40.378Z [32minfo[39m [RoutesResolver] UsersController {/api/users} (version: 1): +1ms
[Nest] 2026-03-25T13:14:40.378Z [32minfo[39m [RouterExplorer] Mapped {/api/users, GET} (version: 1) route +0ms
[Nest] 2026-03-25T13:14:40.378Z [32minfo[39m [RouterExplorer] Mapped {/api/users/:id/role, PATCH} (version: 1) route +0ms
[Nest] 2026-03-25T13:14:40.378Z [32minfo[39m [RoutesResolver] PqrsController {/api/pqrs} (version: 1): +0ms
[Nest] 2026-03-25T13:14:40.379Z [32minfo[39m [RouterExplorer] Mapped {/api/pqrs, POST} (version: 1) route +1ms
[Nest] 2026-03-25T13:14:40.379Z [32minfo[39m [RouterExplorer] Mapped {/api/pqrs, GET} (version: 1) route +0ms
[Nest] 2026-03-25T13:14:40.379Z [32minfo[39m [RouterExplorer] Mapped {/api/pqrs/:id, PATCH} (version: 1) route +0ms
[Nest] 2026-03-25T13:14:40.379Z [32minfo[39m [RoutesResolver] PayrollController {/api/payroll} (version: 1): +0ms
[Nest] 2026-03-25T13:14:40.380Z [32minfo[39m [RouterExplorer] Mapped {/api/payroll/shifts, GET} (version: 1) route +1ms
[Nest] 2026-03-25T13:14:40.380Z [32minfo[39m [RouterExplorer] Mapped {/api/payroll/workers, GET} (version: 1) route +0ms
[Nest] 2026-03-25T13:14:40.380Z [32minfo[39m [RouterExplorer] Mapped {/api/payroll/workers/:id/history, GET} (version: 1) route +0ms
[Nest] 2026-03-25T13:14:40.380Z [32minfo[39m [RouterExplorer] Mapped {/api/payroll/statements, GET} (version: 1) route +1ms
[Nest] 2026-03-25T13:14:40.381Z [32minfo[39m [RouterExplorer] Mapped {/api/payroll/statements/:id, GET} (version: 1) route +0ms
[Nest] 2026-03-25T13:14:40.381Z [32minfo[39m [RouterExplorer] Mapped {/api/payroll/statements/:id/pdf, GET} (version: 1) route +0ms
[Nest] 2026-03-25T13:14:40.381Z [32minfo[39m [RouterExplorer] Mapped {/api/payroll/shifts, POST} (version: 1) route +0ms
[Nest] 2026-03-25T13:14:40.382Z [32minfo[39m [RouterExplorer] Mapped {/api/payroll/workers, POST} (version: 1) route +1ms
[Nest] 2026-03-25T13:14:40.382Z [32minfo[39m [RouterExplorer] Mapped {/api/payroll/shifts/:id, PATCH} (version: 1) route +0ms
[[90m8:14:40 a. m.[0m] Found 0 errors. Watching for file changes.

[2J[3J[H[[90m8:14:40 a. m.[0m] File change detected. Starting incremental compilation...

[[90m8:14:41 a. m.[0m] Found 0 errors. Watching for file changes.

[Nest] 2026-03-25T13:14:44.609Z [32minfo[39m [NestFactory] Starting Nest application... +0ms
[Nest] 2026-03-25T13:14:44.659Z [32minfo[39m [InstanceLoader] SentryModule dependencies initialized +49ms
[Nest] 2026-03-25T13:14:44.659Z [32minfo[39m [InstanceLoader] PrismaModule dependencies initialized +0ms
[Nest] 2026-03-25T13:14:44.659Z [32minfo[39m [InstanceLoader] CartModule dependencies initialized +0ms
[Nest] 2026-03-25T13:14:44.659Z [32minfo[39m [InstanceLoader] AdminModule dependencies initialized +0ms
[Nest] 2026-03-25T13:14:44.661Z [32minfo[39m [InstanceLoader] ConfigHostModule dependencies initialized +2ms
[Nest] 2026-03-25T13:14:44.661Z [32minfo[39m [InstanceLoader] ThrottlerModule dependencies initialized +0ms
[Nest] 2026-03-25T13:14:44.662Z [32minfo[39m [InstanceLoader] PrometheusModule dependencies initialized +1ms
[Nest] 2026-03-25T13:14:44.662Z [32minfo[39m [InstanceLoader] RolesModule dependencies initialized +0ms
[Nest] 2026-03-25T13:14:44.665Z [32minfo[39m [InstanceLoader] ConfigModule dependencies initialized +3ms
[Nest] 2026-03-25T13:14:44.665Z [32minfo[39m [InstanceLoader] ConfigModule dependencies initialized +0ms
[Nest] 2026-03-25T13:14:44.667Z [32minfo[39m [InstanceLoader] DashboardModule dependencies initialized +2ms
[Nest] 2026-03-25T13:14:44.667Z [32minfo[39m [InstanceLoader] PricingModule dependencies initialized +0ms
[Nest] 2026-03-25T13:14:44.667Z [32minfo[39m [InstanceLoader] AuthModule dependencies initialized +0ms
[Nest] 2026-03-25T13:14:44.668Z [32minfo[39m [InstanceLoader] LocationsModule dependencies initialized +1ms
[Nest] 2026-03-25T13:14:44.668Z [32minfo[39m [InstanceLoader] AuditModule dependencies initialized +0ms
[Nest] 2026-03-25T13:14:44.668Z [32minfo[39m [InstanceLoader] ConfigurationModule dependencies initialized +0ms
[Nest] 2026-03-25T13:14:44.668Z [32minfo[39m [InstanceLoader] PersonalizationsModule dependencies initialized +0ms
[Nest] 2026-03-25T13:14:44.668Z [32minfo[39m [InstanceLoader] WizardModule dependencies initialized +0ms
[Nest] 2026-03-25T13:14:44.668Z [32minfo[39m [InstanceLoader] UsersModule dependencies initialized +0ms
[Nest] 2026-03-25T13:14:44.668Z [32minfo[39m [InstanceLoader] StorageModule dependencies initialized +0ms
[Nest] 2026-03-25T13:14:44.668Z [32minfo[39m [InstanceLoader] InventoryModule dependencies initialized +0ms
[Nest] 2026-03-25T13:14:44.668Z [32minfo[39m [InstanceLoader] ProfilesModule dependencies initialized +0ms
[Nest] 2026-03-25T13:14:44.668Z [32minfo[39m [InstanceLoader] CollectionsModule dependencies initialized +0ms
[Nest] 2026-03-25T13:14:44.668Z [32minfo[39m [InstanceLoader] PqrsModule dependencies initialized +0ms
[Nest] 2026-03-25T13:14:44.669Z [32minfo[39m [InstanceLoader] AddressesModule dependencies initialized +1ms
[Nest] 2026-03-25T13:14:44.670Z [32minfo[39m [InstanceLoader] ShippingModule dependencies initialized +1ms
[Nest] 2026-03-25T13:14:44.670Z [32minfo[39m [InstanceLoader] OrdersModule dependencies initialized +0ms
[Nest] 2026-03-25T13:14:44.670Z [32minfo[39m [InstanceLoader] CacheModule dependencies initialized +0ms
[Nest] 2026-03-25T13:14:44.670Z [32minfo[39m [InstanceLoader] AppModule dependencies initialized +0ms
[Nest] 2026-03-25T13:14:44.671Z [32minfo[39m [InstanceLoader] CatalogModule dependencies initialized +1ms
[Nest] 2026-03-25T13:14:44.671Z [32minfo[39m [InstanceLoader] B2BModule dependencies initialized +0ms
[Nest] 2026-03-25T13:14:44.671Z [32minfo[39m [InstanceLoader] PayrollModule dependencies initialized +0ms
[Nest] 2026-03-25T13:14:44.671Z [32minfo[39m [InstanceLoader] PaymentsModule dependencies initialized +0ms
[Nest] 2026-03-25T13:14:44.682Z [33mwarn[39m [LegacyRouteConverter] Unsupported route path: "/api/*". In previous versions, the symbols ?, *, and + were used to denote optional or repeating path parameters. The latest version of "path-to-regexp" now requires the use of named parameters. For example, instead of using a route like /users/* to capture all routes starting with "/users", you should use /users/*path. For more details, refer to the migration guide. Attempting to auto-convert... +11ms
[Nest] 2026-03-25T13:14:44.683Z [32minfo[39m [RoutesResolver] AppController {/api} (version: 1): +1ms
[Nest] 2026-03-25T13:14:44.686Z [32minfo[39m [RouterExplorer] Mapped {/api, GET} (version: 1) route +3ms
[Nest] 2026-03-25T13:14:44.687Z [32minfo[39m [RouterExplorer] Mapped {/api/debug-sentry, GET} (version: 1) route +1ms
[Nest] 2026-03-25T13:14:44.687Z [32minfo[39m [RoutesResolver] PrometheusController {/api/metrics} (version: 1): +0ms
[Nest] 2026-03-25T13:14:44.688Z [32minfo[39m [RouterExplorer] Mapped {/api/metrics, GET} (version: 1) route +1ms
[Nest] 2026-03-25T13:14:44.688Z [32minfo[39m [RoutesResolver] DashboardController {/api/dashboard} (version: 1): +0ms
[Nest] 2026-03-25T13:14:44.688Z [32minfo[39m [RouterExplorer] Mapped {/api/dashboard/stats, GET} (version: 1) route +0ms
[Nest] 2026-03-25T13:14:44.688Z [32minfo[39m [RoutesResolver] B2bController {/api/b2b} (version: 1): +0ms
[Nest] 2026-03-25T13:14:44.689Z [32minfo[39m [RouterExplorer] Mapped {/api/b2b/quote, POST} (version: 1) route +1ms
[Nest] 2026-03-25T13:14:44.689Z [32minfo[39m [RouterExplorer] Mapped {/api/b2b/quotes, GET} (version: 1) route +0ms
[Nest] 2026-03-25T13:14:44.690Z [32minfo[39m [RouterExplorer] Mapped {/api/b2b/quotes/:id/approve, PATCH} (version: 1) route +1ms
[Nest] 2026-03-25T13:14:44.690Z [32minfo[39m [RoutesResolver] PricingController {/api/pricing} (version: 1): +0ms
[Nest] 2026-03-25T13:14:44.690Z [32minfo[39m [RouterExplorer] Mapped {/api/pricing/quote, POST} (version: 1) route +0ms
[Nest] 2026-03-25T13:14:44.690Z [32minfo[39m [RoutesResolver] AuthController {/api/auth} (version: 1): +0ms
[Nest] 2026-03-25T13:14:44.691Z [32minfo[39m [RouterExplorer] Mapped {/api/auth/register, POST} (version: 1) route +1ms
[Nest] 2026-03-25T13:14:44.691Z [32minfo[39m [RouterExplorer] Mapped {/api/auth/login, POST} (version: 1) route +0ms
[Nest] 2026-03-25T13:14:44.692Z [32minfo[39m [RouterExplorer] Mapped {/api/auth/forgot-password, POST} (version: 1) route +1ms
[Nest] 2026-03-25T13:14:44.692Z [32minfo[39m [RoutesResolver] OrdersController {/api/orders} (version: 1): +0ms
[Nest] 2026-03-25T13:14:44.692Z [32minfo[39m [RouterExplorer] Mapped {/api/orders, POST} (version: 1) route +0ms
[Nest] 2026-03-25T13:14:44.692Z [32minfo[39m [RouterExplorer] Mapped {/api/orders, GET} (version: 1) route +0ms
[Nest] 2026-03-25T13:14:44.692Z [32minfo[39m [RouterExplorer] Mapped {/api/orders/user/:userId, GET} (version: 1) route +0ms
[Nest] 2026-03-25T13:14:44.693Z [32minfo[39m [RouterExplorer] Mapped {/api/orders/:id, GET} (version: 1) route +1ms
[Nest] 2026-03-25T13:14:44.693Z [32minfo[39m [RouterExplorer] Mapped {/api/orders/:id, PATCH} (version: 1) route +0ms
[Nest] 2026-03-25T13:14:44.693Z [32minfo[39m [RouterExplorer] Mapped {/api/orders/:id/receipt, GET} (version: 1) route +0ms
[Nest] 2026-03-25T13:14:44.693Z [32minfo[39m [RoutesResolver] InventoryController {/api/inventory} (version: 1): +0ms
[Nest] 2026-03-25T13:14:44.693Z [32minfo[39m [RouterExplorer] Mapped {/api/inventory/detailed, GET} (version: 1) route +0ms
[Nest] 2026-03-25T13:14:44.694Z [32minfo[39m [RouterExplorer] Mapped {/api/inventory/movements, GET} (version: 1) route +1ms
[Nest] 2026-03-25T13:14:44.694Z [32minfo[39m [RouterExplorer] Mapped {/api/inventory/products/:productId/average-cost, GET} (version: 1) route +0ms
[Nest] 2026-03-25T13:14:44.694Z [32minfo[39m [RouterExplorer] Mapped {/api/inventory/batch, POST} (version: 1) route +0ms
[Nest] 2026-03-25T13:14:44.694Z [32minfo[39m [RouterExplorer] Mapped {/api/inventory/receive-batch, POST} (version: 1) route +0ms
[Nest] 2026-03-25T13:14:44.694Z [32minfo[39m [RouterExplorer] Mapped {/api/inventory/batches, POST} (version: 1) route +0ms
[Nest] 2026-03-25T13:14:44.694Z [32minfo[39m [RouterExplorer] Mapped {/api/inventory/batches, GET} (version: 1) route +0ms
[Nest] 2026-03-25T13:14:44.695Z [32minfo[39m [RouterExplorer] Mapped {/api/inventory/suppliers, GET} (version: 1) route +1ms
[Nest] 2026-03-25T13:14:44.695Z [32minfo[39m [RouterExplorer] Mapped {/api/inventory/suppliers, POST} (version: 1) route +0ms
[Nest] 2026-03-25T13:14:44.695Z [32minfo[39m [RouterExplorer] Mapped {/api/inventory/suppliers/:id, GET} (version: 1) route +0ms
[Nest] 2026-03-25T13:14:44.695Z [32minfo[39m [RouterExplorer] Mapped {/api/inventory/suppliers/:id/payments, POST} (version: 1) route +0ms
[Nest] 2026-03-25T13:14:44.695Z [32minfo[39m [RouterExplorer] Mapped {/api/inventory/finance/summary, GET} (version: 1) route +0ms
[Nest] 2026-03-25T13:14:44.696Z [32minfo[39m [RouterExplorer] Mapped {/api/inventory/finance/cash-flow, GET} (version: 1) route +1ms
[Nest] 2026-03-25T13:14:44.696Z [32minfo[39m [RouterExplorer] Mapped {/api/inventory/finance/opex-categories, GET} (version: 1) route +0ms
[Nest] 2026-03-25T13:14:44.696Z [32minfo[39m [RouterExplorer] Mapped {/api/inventory/finance/opex-categories, POST} (version: 1) route +0ms
[Nest] 2026-03-25T13:14:44.696Z [32minfo[39m [RouterExplorer] Mapped {/api/inventory/finance/opex-transactions, GET} (version: 1) route +0ms
[Nest] 2026-03-25T13:14:44.696Z [32minfo[39m [RouterExplorer] Mapped {/api/inventory/finance/opex, POST} (version: 1) route +0ms
[Nest] 2026-03-25T13:14:44.696Z [32minfo[39m [RoutesResolver] ReportingController {/api/inventory/reporting} (version: 1): +1ms
[Nest] 2026-03-25T13:14:44.697Z [32minfo[39m [RouterExplorer] Mapped {/api/inventory/reporting/closing, GET} (version: 1) route +0ms
[Nest] 2026-03-25T13:14:44.697Z [32minfo[39m [RouterExplorer] Mapped {/api/inventory/reporting/valuation, GET} (version: 1) route +0ms
[Nest] 2026-03-25T13:14:44.697Z [32minfo[39m [RouterExplorer] Mapped {/api/inventory/reporting/accounting, GET} (version: 1) route +0ms
[Nest] 2026-03-25T13:14:44.697Z [32minfo[39m [RouterExplorer] Mapped {/api/inventory/reporting/accounting/export/excel, GET} (version: 1) route +0ms
[Nest] 2026-03-25T13:14:44.698Z [32minfo[39m [RouterExplorer] Mapped {/api/inventory/reporting/accounting/export/pdf, GET} (version: 1) route +1ms
[Nest] 2026-03-25T13:14:44.698Z [32minfo[39m [RoutesResolver] FinanceController {/api/finance} (version: 1): +0ms
[Nest] 2026-03-25T13:14:44.698Z [32minfo[39m [RouterExplorer] Mapped {/api/finance/report-preview, GET} (version: 1) route +0ms
[Nest] 2026-03-25T13:14:44.698Z [32minfo[39m [RouterExplorer] Mapped {/api/finance/export-report, GET} (version: 1) route +0ms
[Nest] 2026-03-25T13:14:44.698Z [32minfo[39m [RoutesResolver] ShippingController {/api/shipping} (version: 1): +0ms
[Nest] 2026-03-25T13:14:44.698Z [32minfo[39m [RouterExplorer] Mapped {/api/shipping/providers, POST} (version: 1) route +0ms
[Nest] 2026-03-25T13:14:44.699Z [32minfo[39m [RouterExplorer] Mapped {/api/shipping/providers, GET} (version: 1) route +1ms
[Nest] 2026-03-25T13:14:44.699Z [32minfo[39m [RouterExplorer] Mapped {/api/shipping/providers/:id, GET} (version: 1) route +0ms
[Nest] 2026-03-25T13:14:44.699Z [32minfo[39m [RouterExplorer] Mapped {/api/shipping/providers/:id, PATCH} (version: 1) route +0ms
[Nest] 2026-03-25T13:14:44.699Z [32minfo[39m [RouterExplorer] Mapped {/api/shipping/providers/:id, DELETE} (version: 1) route +0ms
[Nest] 2026-03-25T13:14:44.700Z [32minfo[39m [RouterExplorer] Mapped {/api/shipping/shipments/pending, GET} (version: 1) route +1ms
[Nest] 2026-03-25T13:14:44.700Z [32minfo[39m [RouterExplorer] Mapped {/api/shipping/shipments, GET} (version: 1) route +0ms
[Nest] 2026-03-25T13:14:44.700Z [32minfo[39m [RouterExplorer] Mapped {/api/shipping/shipments/:orderId, PATCH} (version: 1) route +0ms
[Nest] 2026-03-25T13:14:44.700Z [32minfo[39m [RouterExplorer] Mapped {/api/shipping/shipments/:orderId/process-return, POST} (version: 1) route +0ms
[Nest] 2026-03-25T13:14:44.700Z [32minfo[39m [RouterExplorer] Mapped {/api/shipping/shipments/:orderId/label, GET} (version: 1) route +0ms
[Nest] 2026-03-25T13:14:44.700Z [32minfo[39m [RoutesResolver] ProfilesController {/api/profiles} (version: 1): +0ms
[Nest] 2026-03-25T13:14:44.701Z [32minfo[39m [RouterExplorer] Mapped {/api/profiles/me, GET} (version: 1) route +1ms
[Nest] 2026-03-25T13:14:44.701Z [32minfo[39m [RouterExplorer] Mapped {/api/profiles/me, PATCH} (version: 1) route +0ms
[Nest] 2026-03-25T13:14:44.701Z [32minfo[39m [RouterExplorer] Mapped {/api/profiles, GET} (version: 1) route +0ms
[Nest] 2026-03-25T13:14:44.701Z [32minfo[39m [RouterExplorer] Mapped {/api/profiles/:id, GET} (version: 1) route +0ms
[Nest] 2026-03-25T13:14:44.701Z [32minfo[39m [RoutesResolver] PaymentsController {/api/payments} (version: 1): +0ms
[Nest] 2026-03-25T13:14:44.701Z [32minfo[39m [RouterExplorer] Mapped {/api/payments/signature/:orderId, GET} (version: 1) route +0ms
[Nest] 2026-03-25T13:14:44.701Z [32minfo[39m [RouterExplorer] Mapped {/api/payments/wompi/signature/:orderId, GET} (version: 1) route +0ms
[Nest] 2026-03-25T13:14:44.702Z [32minfo[39m [RouterExplorer] Mapped {/api/payments/webhook/wompi, POST} (version: 1) route +1ms
[Nest] 2026-03-25T13:14:44.702Z [32minfo[39m [RouterExplorer] Mapped {/api/payments/wompi/webhook, POST} (version: 1) route +0ms
[Nest] 2026-03-25T13:14:44.702Z [32minfo[39m [RouterExplorer] Mapped {/api/payments/upload-receipt/:entityType/:entityId, POST} (version: 1) route +0ms
[Nest] 2026-03-25T13:14:44.702Z [32minfo[39m [RoutesResolver] LocationsController {/api/locations} (version: 1): +0ms
[Nest] 2026-03-25T13:14:44.702Z [32minfo[39m [RouterExplorer] Mapped {/api/locations/departments, GET} (version: 1) route +0ms
[Nest] 2026-03-25T13:14:44.702Z [32minfo[39m [RouterExplorer] Mapped {/api/locations/municipalities/:departmentId, GET} (version: 1) route +0ms
[Nest] 2026-03-25T13:14:44.702Z [32minfo[39m [RoutesResolver] AddressesController {/api/addresses} (version: 1): +0ms
[Nest] 2026-03-25T13:14:44.703Z [32minfo[39m [RouterExplorer] Mapped {/api/addresses, POST} (version: 1) route +1ms
[Nest] 2026-03-25T13:14:44.703Z [32minfo[39m [RouterExplorer] Mapped {/api/addresses, GET} (version: 1) route +0ms
[Nest] 2026-03-25T13:14:44.703Z [32minfo[39m [RouterExplorer] Mapped {/api/addresses/:id, GET} (version: 1) route +0ms
[Nest] 2026-03-25T13:14:44.703Z [32minfo[39m [RouterExplorer] Mapped {/api/addresses/:id, PATCH} (version: 1) route +0ms
[Nest] 2026-03-25T13:14:44.703Z [32minfo[39m [RouterExplorer] Mapped {/api/addresses/:id, DELETE} (version: 1) route +0ms
[Nest] 2026-03-25T13:14:44.703Z [32minfo[39m [RoutesResolver] AuditController {/api/audit} (version: 1): +0ms
[Nest] 2026-03-25T13:14:44.703Z [32minfo[39m [RouterExplorer] Mapped {/api/audit, GET} (version: 1) route +0ms
[Nest] 2026-03-25T13:14:44.704Z [32minfo[39m [RouterExplorer] Mapped {/api/audit/:id, GET} (version: 1) route +1ms
[Nest] 2026-03-25T13:14:44.704Z [32minfo[39m [RoutesResolver] ConfigurationController {/api/configuration} (version: 1): +0ms
[Nest] 2026-03-25T13:14:44.704Z [32minfo[39m [RouterExplorer] Mapped {/api/configuration/products/:slug, GET} (version: 1) route +0ms
[Nest] 2026-03-25T13:14:44.704Z [32minfo[39m [RouterExplorer] Mapped {/api/configuration/options/:productId, GET} (version: 1) route +0ms
[Nest] 2026-03-25T13:14:44.704Z [32minfo[39m [RoutesResolver] CatalogController {/api/catalog} (version: 1): +0ms
[Nest] 2026-03-25T13:14:44.704Z [32minfo[39m [RouterExplorer] Mapped {/api/catalog, POST} (version: 1) route +0ms
[Nest] 2026-03-25T13:14:44.704Z [32minfo[39m [RouterExplorer] Mapped {/api/catalog/products, GET} (version: 1) route +0ms
[Nest] 2026-03-25T13:14:44.705Z [32minfo[39m [RouterExplorer] Mapped {/api/catalog/search, GET} (version: 1) route +1ms
[Nest] 2026-03-25T13:14:44.705Z [32minfo[39m [RouterExplorer] Mapped {/api/catalog/slug/:slug, GET} (version: 1) route +0ms
[Nest] 2026-03-25T13:14:44.705Z [32minfo[39m [RouterExplorer] Mapped {/api/catalog/products/:slug/config, GET} (version: 1) route +0ms
[Nest] 2026-03-25T13:14:44.705Z [32minfo[39m [RouterExplorer] Mapped {/api/catalog/:id, GET} (version: 1) route +0ms
[Nest] 2026-03-25T13:14:44.705Z [32minfo[39m [RouterExplorer] Mapped {/api/catalog/:id, PATCH} (version: 1) route +0ms
[Nest] 2026-03-25T13:14:44.705Z [32minfo[39m [RouterExplorer] Mapped {/api/catalog/:id, DELETE} (version: 1) route +0ms
[Nest] 2026-03-25T13:14:44.705Z [32minfo[39m [RoutesResolver] PersonalizationsController {/api/personalizations} (version: 1): +0ms
[Nest] 2026-03-25T13:14:44.706Z [32minfo[39m [RouterExplorer] Mapped {/api/personalizations, GET} (version: 1) route +1ms
[Nest] 2026-03-25T13:14:44.706Z [32minfo[39m [RouterExplorer] Mapped {/api/personalizations, POST} (version: 1) route +0ms
[Nest] 2026-03-25T13:14:44.706Z [32minfo[39m [RouterExplorer] Mapped {/api/personalizations/:id, PUT} (version: 1) route +0ms
[Nest] 2026-03-25T13:14:44.706Z [32minfo[39m [RouterExplorer] Mapped {/api/personalizations/:id, DELETE} (version: 1) route +0ms
[Nest] 2026-03-25T13:14:44.706Z [32minfo[39m [RoutesResolver] CollectionsController {/api/collections} (version: 1): +0ms
[Nest] 2026-03-25T13:14:44.706Z [32minfo[39m [RouterExplorer] Mapped {/api/collections, GET} (version: 1) route +0ms
[Nest] 2026-03-25T13:14:44.707Z [32minfo[39m [RouterExplorer] Mapped {/api/collections, POST} (version: 1) route +1ms
[Nest] 2026-03-25T13:14:44.707Z [32minfo[39m [RouterExplorer] Mapped {/api/collections/:id, PATCH} (version: 1) route +0ms
[Nest] 2026-03-25T13:14:44.707Z [32minfo[39m [RouterExplorer] Mapped {/api/collections/:id, DELETE} (version: 1) route +0ms
[Nest] 2026-03-25T13:14:44.707Z [32minfo[39m [RoutesResolver] WizardController {/api/wizard-options} (version: 1): +0ms
[Nest] 2026-03-25T13:14:44.707Z [32minfo[39m [RouterExplorer] Mapped {/api/wizard-options, GET} (version: 1) route +0ms
[Nest] 2026-03-25T13:14:44.707Z [32minfo[39m [RouterExplorer] Mapped {/api/wizard-options/grouped, GET} (version: 1) route +0ms
[Nest] 2026-03-25T13:14:44.708Z [32minfo[39m [RouterExplorer] Mapped {/api/wizard-options/:id, GET} (version: 1) route +1ms
[Nest] 2026-03-25T13:14:44.708Z [32minfo[39m [RouterExplorer] Mapped {/api/wizard-options, POST} (version: 1) route +0ms
[Nest] 2026-03-25T13:14:44.708Z [32minfo[39m [RouterExplorer] Mapped {/api/wizard-options/:id, PATCH} (version: 1) route +0ms
[Nest] 2026-03-25T13:14:44.708Z [32minfo[39m [RouterExplorer] Mapped {/api/wizard-options/:id, DELETE} (version: 1) route +0ms
[Nest] 2026-03-25T13:14:44.708Z [32minfo[39m [RoutesResolver] UsersController {/api/users} (version: 1): +0ms
[Nest] 2026-03-25T13:14:44.708Z [32minfo[39m [RouterExplorer] Mapped {/api/users, GET} (version: 1) route +0ms
[Nest] 2026-03-25T13:14:44.708Z [32minfo[39m [RouterExplorer] Mapped {/api/users/:id/role, PATCH} (version: 1) route +0ms
[Nest] 2026-03-25T13:14:44.709Z [32minfo[39m [RoutesResolver] PqrsController {/api/pqrs} (version: 1): +1ms
[Nest] 2026-03-25T13:14:44.709Z [32minfo[39m [RouterExplorer] Mapped {/api/pqrs, POST} (version: 1) route +0ms
[Nest] 2026-03-25T13:14:44.709Z [32minfo[39m [RouterExplorer] Mapped {/api/pqrs, GET} (version: 1) route +0ms
[Nest] 2026-03-25T13:14:44.709Z [32minfo[39m [RouterExplorer] Mapped {/api/pqrs/:id, PATCH} (version: 1) route +0ms
[Nest] 2026-03-25T13:14:44.709Z [32minfo[39m [RoutesResolver] PayrollController {/api/payroll} (version: 1): +0ms
[Nest] 2026-03-25T13:14:44.709Z [32minfo[39m [RouterExplorer] Mapped {/api/payroll/shifts, GET} (version: 1) route +0ms
[Nest] 2026-03-25T13:14:44.710Z [32minfo[39m [RouterExplorer] Mapped {/api/payroll/workers, GET} (version: 1) route +1ms
[Nest] 2026-03-25T13:14:44.710Z [32minfo[39m [RouterExplorer] Mapped {/api/payroll/workers/:id/history, GET} (version: 1) route +0ms
[Nest] 2026-03-25T13:14:44.710Z [32minfo[39m [RouterExplorer] Mapped {/api/payroll/statements, GET} (version: 1) route +0ms
[Nest] 2026-03-25T13:14:44.710Z [32minfo[39m [RouterExplorer] Mapped {/api/payroll/statements/:id, GET} (version: 1) route +0ms
[Nest] 2026-03-25T13:14:44.710Z [32minfo[39m [RouterExplorer] Mapped {/api/payroll/statements/:id/pdf, GET} (version: 1) route +0ms
[Nest] 2026-03-25T13:14:44.710Z [32minfo[39m [RouterExplorer] Mapped {/api/payroll/shifts, POST} (version: 1) route +0ms
[Nest] 2026-03-25T13:14:44.711Z [32minfo[39m [RouterExplorer] Mapped {/api/payroll/workers, POST} (version: 1) route +1ms
[Nest] 2026-03-25T13:14:44.711Z [32minfo[39m [RouterExplorer] Mapped {/api/payroll/shifts/:id, PATCH} (version: 1) route +0ms
[Nest] 2026-03-25T13:14:44.711Z [32minfo[39m [RouterExplorer] Mapped {/api/payroll/workers/:id, PATCH} (version: 1) route +0ms
[Nest] 2026-03-25T13:14:44.711Z [32minfo[39m [RouterExplorer] Mapped {/api/payroll/shifts/:id, DELETE} (version: 1) route +0ms
[Nest] 2026-03-25T13:14:44.712Z [32minfo[39m [RouterExplorer] Mapped {/api/payroll/statements/consolidate, POST} (version: 1) route +1ms
[Nest] 2026-03-25T13:14:44.712Z [32minfo[39m [RouterExplorer] Mapped {/api/payroll/statements/:id/status, PATCH} (version: 1) route +0ms
[Nest] 2026-03-25T13:14:44.805Z [32minfo[39m [NestApplication] Nest application successfully started +93ms
🚀 Application is running on: http://localhost:4004
AuthMiddleware: Received Authorization header for GET /
AuthMiddleware: synchronized user deybisasprilla@gmail.com
[Nest] 2026-03-25T13:15:29.349Z [32minfo[39m [HTTP] GET /api/v1/profiles/me 200 - Next.js Middleware 127.0.0.1 +1294ms +45s
AuthMiddleware: Received Authorization header for GET /?status=NUEVO
AuthMiddleware: synchronized user deybisasprilla@gmail.com
[Nest] 2026-03-25T13:15:29.966Z [32minfo[39m [HTTP] GET /api/v1/pqrs?status=NUEVO 200 - Mozilla/5.0 (Windows NT 10.0; Win64; x64) AppleWebKit/537.36 (KHTML, like Gecko) Chrome/146.0.0.0 Safari/537.36 127.0.0.1 +602ms +617ms
AuthMiddleware: Received Authorization header for GET /
AuthMiddleware: synchronized user deybisasprilla@gmail.com
[Nest] 2026-03-25T13:16:29.515Z [32minfo[39m [HTTP] GET /api/v1/profiles/me 200 - Next.js Middleware 127.0.0.1 +1399ms +60s
AuthMiddleware: Received Authorization header for GET /?status=NUEVO
AuthMiddleware: synchronized user deybisasprilla@gmail.com
[Nest] 2026-03-25T13:16:30.288Z [32minfo[39m [HTTP] GET /api/v1/pqrs?status=NUEVO 200 - Mozilla/5.0 (Windows NT 10.0; Win64; x64) AppleWebKit/537.36 (KHTML, like Gecko) Chrome/146.0.0.0 Safari/537.36 127.0.0.1 +747ms +773ms
[2J[3J[H[[90m8:16:38 a. m.[0m] File change detected. Starting incremental compilation...

AuthMiddleware: Received Authorization header for GET /
AuthMiddleware: synchronized user deybisasprilla@gmail.com
[Nest] 2026-03-25T13:17:29.217Z [32minfo[39m [HTTP] GET /api/v1/profiles/me 200 - Next.js Middleware 127.0.0.1 +1185ms +59s
AuthMiddleware: Received Authorization header for GET /?status=NUEVO
AuthMiddleware: synchronized user deybisasprilla@gmail.com
[Nest] 2026-03-25T13:17:29.874Z [32minfo[39m [HTTP] GET /api/v1/pqrs?status=NUEVO 200 - Mozilla/5.0 (Windows NT 10.0; Win64; x64) AppleWebKit/537.36 (KHTML, like Gecko) Chrome/146.0.0.0 Safari/537.36 127.0.0.1 +636ms +657ms
[2J[3J[H[[90m8:17:33 a. m.[0m] File change detected. Starting incremental compilation...

[[90m8:17:33 a. m.[0m] Found 0 errors. Watching for file changes.

[Nest] 2026-03-25T13:17:37.104Z [32minfo[39m [NestFactory] Starting Nest application... +0ms
[Nest] 2026-03-25T13:17:37.160Z [32minfo[39m [InstanceLoader] SentryModule dependencies initialized +56ms
[Nest] 2026-03-25T13:17:37.160Z [32minfo[39m [InstanceLoader] PrismaModule dependencies initialized +0ms
[Nest] 2026-03-25T13:17:37.160Z [32minfo[39m [InstanceLoader] CartModule dependencies initialized +0ms
[Nest] 2026-03-25T13:17:37.160Z [32minfo[39m [InstanceLoader] AdminModule dependencies initialized +0ms
[Nest] 2026-03-25T13:17:37.162Z [32minfo[39m [InstanceLoader] ConfigHostModule dependencies initialized +2ms
[Nest] 2026-03-25T13:17:37.163Z [32minfo[39m [InstanceLoader] ThrottlerModule dependencies initialized +1ms
[Nest] 2026-03-25T13:17:37.163Z [32minfo[39m [InstanceLoader] PrometheusModule dependencies initialized +0ms
[Nest] 2026-03-25T13:17:37.163Z [32minfo[39m [InstanceLoader] RolesModule dependencies initialized +0ms
[Nest] 2026-03-25T13:17:37.166Z [32minfo[39m [InstanceLoader] ConfigModule dependencies initialized +3ms
[Nest] 2026-03-25T13:17:37.166Z [32minfo[39m [InstanceLoader] ConfigModule dependencies initialized +0ms
[Nest] 2026-03-25T13:17:37.170Z [32minfo[39m [InstanceLoader] DashboardModule dependencies initialized +4ms
[Nest] 2026-03-25T13:17:37.170Z [32minfo[39m [InstanceLoader] PricingModule dependencies initialized +0ms
[Nest] 2026-03-25T13:17:37.170Z [32minfo[39m [InstanceLoader] AuthModule dependencies initialized +0ms
[Nest] 2026-03-25T13:17:37.170Z [32minfo[39m [InstanceLoader] LocationsModule dependencies initialized +0ms
[Nest] 2026-03-25T13:17:37.170Z [32minfo[39m [InstanceLoader] AuditModule dependencies initialized +0ms
[Nest] 2026-03-25T13:17:37.170Z [32minfo[39m [InstanceLoader] ConfigurationModule dependencies initialized +0ms
[Nest] 2026-03-25T13:17:37.170Z [32minfo[39m [InstanceLoader] PersonalizationsModule dependencies initialized +0ms
[Nest] 2026-03-25T13:17:37.170Z [32minfo[39m [InstanceLoader] WizardModule dependencies initialized +0ms
[Nest] 2026-03-25T13:17:37.170Z [32minfo[39m [InstanceLoader] UsersModule dependencies initialized +0ms
[Nest] 2026-03-25T13:17:37.170Z [32minfo[39m [InstanceLoader] StorageModule dependencies initialized +0ms
[Nest] 2026-03-25T13:17:37.171Z [32minfo[39m [InstanceLoader] InventoryModule dependencies initialized +1ms
[Nest] 2026-03-25T13:17:37.171Z [32minfo[39m [InstanceLoader] ProfilesModule dependencies initialized +0ms
[Nest] 2026-03-25T13:17:37.171Z [32minfo[39m [InstanceLoader] CollectionsModule dependencies initialized +0ms
[Nest] 2026-03-25T13:17:37.171Z [32minfo[39m [InstanceLoader] PqrsModule dependencies initialized +0ms
[Nest] 2026-03-25T13:17:37.171Z [32minfo[39m [InstanceLoader] AddressesModule dependencies initialized +0ms
[Nest] 2026-03-25T13:17:37.172Z [32minfo[39m [InstanceLoader] ShippingModule dependencies initialized +1ms
[Nest] 2026-03-25T13:17:37.173Z [32minfo[39m [InstanceLoader] OrdersModule dependencies initialized +1ms
[Nest] 2026-03-25T13:17:37.173Z [32minfo[39m [InstanceLoader] CacheModule dependencies initialized +0ms
[Nest] 2026-03-25T13:17:37.173Z [32minfo[39m [InstanceLoader] AppModule dependencies initialized +0ms
[Nest] 2026-03-25T13:17:37.174Z [32minfo[39m [InstanceLoader] CatalogModule dependencies initialized +1ms
[Nest] 2026-03-25T13:17:37.174Z [32minfo[39m [InstanceLoader] B2BModule dependencies initialized +0ms
[Nest] 2026-03-25T13:17:37.174Z [32minfo[39m [InstanceLoader] PayrollModule dependencies initialized +0ms
[Nest] 2026-03-25T13:17:37.174Z [32minfo[39m [InstanceLoader] PaymentsModule dependencies initialized +0ms
[Nest] 2026-03-25T13:17:37.185Z [33mwarn[39m [LegacyRouteConverter] Unsupported route path: "/api/*". In previous versions, the symbols ?, *, and + were used to denote optional or repeating path parameters. The latest version of "path-to-regexp" now requires the use of named parameters. For example, instead of using a route like /users/* to capture all routes starting with "/users", you should use /users/*path. For more details, refer to the migration guide. Attempting to auto-convert... +11ms
[Nest] 2026-03-25T13:17:37.186Z [32minfo[39m [RoutesResolver] AppController {/api} (version: 1): +1ms
[Nest] 2026-03-25T13:17:37.189Z [32minfo[39m [RouterExplorer] Mapped {/api, GET} (version: 1) route +3ms
[Nest] 2026-03-25T13:17:37.190Z [32minfo[39m [RouterExplorer] Mapped {/api/debug-sentry, GET} (version: 1) route +1ms
[Nest] 2026-03-25T13:17:37.190Z [32minfo[39m [RoutesResolver] PrometheusController {/api/metrics} (version: 1): +0ms
[Nest] 2026-03-25T13:17:37.190Z [32minfo[39m [RouterExplorer] Mapped {/api/metrics, GET} (version: 1) route +0ms
[Nest] 2026-03-25T13:17:37.191Z [32minfo[39m [RoutesResolver] DashboardController {/api/dashboard} (version: 1): +1ms
[Nest] 2026-03-25T13:17:37.191Z [32minfo[39m [RouterExplorer] Mapped {/api/dashboard/stats, GET} (version: 1) route +0ms
[Nest] 2026-03-25T13:17:37.191Z [32minfo[39m [RoutesResolver] B2bController {/api/b2b} (version: 1): +0ms
[Nest] 2026-03-25T13:17:37.192Z [32minfo[39m [RouterExplorer] Mapped {/api/b2b/quote, POST} (version: 1) route +1ms
[Nest] 2026-03-25T13:17:37.192Z [32minfo[39m [RouterExplorer] Mapped {/api/b2b/quotes, GET} (version: 1) route +0ms
[Nest] 2026-03-25T13:17:37.192Z [32minfo[39m [RouterExplorer] Mapped {/api/b2b/quotes/:id/approve, PATCH} (version: 1) route +0ms
[Nest] 2026-03-25T13:17:37.192Z [32minfo[39m [RoutesResolver] PricingController {/api/pricing} (version: 1): +0ms
[Nest] 2026-03-25T13:17:37.193Z [32minfo[39m [RouterExplorer] Mapped {/api/pricing/quote, POST} (version: 1) route +1ms
[Nest] 2026-03-25T13:17:37.193Z [32minfo[39m [RoutesResolver] AuthController {/api/auth} (version: 1): +0ms
[Nest] 2026-03-25T13:17:37.193Z [32minfo[39m [RouterExplorer] Mapped {/api/auth/register, POST} (version: 1) route +0ms
[Nest] 2026-03-25T13:17:37.194Z [32minfo[39m [RouterExplorer] Mapped {/api/auth/login, POST} (version: 1) route +1ms
[Nest] 2026-03-25T13:17:37.194Z [32minfo[39m [RouterExplorer] Mapped {/api/auth/forgot-password, POST} (version: 1) route +0ms
[Nest] 2026-03-25T13:17:37.194Z [32minfo[39m [RoutesResolver] OrdersController {/api/orders} (version: 1): +0ms
[Nest] 2026-03-25T13:17:37.194Z [32minfo[39m [RouterExplorer] Mapped {/api/orders, POST} (version: 1) route +0ms
[Nest] 2026-03-25T13:17:37.194Z [32minfo[39m [RouterExplorer] Mapped {/api/orders, GET} (version: 1) route +0ms
[Nest] 2026-03-25T13:17:37.195Z [32minfo[39m [RouterExplorer] Mapped {/api/orders/user/:userId, GET} (version: 1) route +1ms
[Nest] 2026-03-25T13:17:37.195Z [32minfo[39m [RouterExplorer] Mapped {/api/orders/:id, GET} (version: 1) route +0ms
[Nest] 2026-03-25T13:17:37.195Z [32minfo[39m [RouterExplorer] Mapped {/api/orders/:id, PATCH} (version: 1) route +0ms
[Nest] 2026-03-25T13:17:37.195Z [32minfo[39m [RouterExplorer] Mapped {/api/orders/:id/receipt, GET} (version: 1) route +0ms
[Nest] 2026-03-25T13:17:37.195Z [32minfo[39m [RoutesResolver] InventoryController {/api/inventory} (version: 1): +0ms
[Nest] 2026-03-25T13:17:37.196Z [32minfo[39m [RouterExplorer] Mapped {/api/inventory/detailed, GET} (version: 1) route +1ms
[Nest] 2026-03-25T13:17:37.196Z [32minfo[39m [RouterExplorer] Mapped {/api/inventory/movements, GET} (version: 1) route +0ms
[Nest] 2026-03-25T13:17:37.196Z [32minfo[39m [RouterExplorer] Mapped {/api/inventory/products/:productId/average-cost, GET} (version: 1) route +0ms
[Nest] 2026-03-25T13:17:37.196Z [32minfo[39m [RouterExplorer] Mapped {/api/inventory/batch, POST} (version: 1) route +0ms
[Nest] 2026-03-25T13:17:37.196Z [32minfo[39m [RouterExplorer] Mapped {/api/inventory/receive-batch, POST} (version: 1) route +0ms
[Nest] 2026-03-25T13:17:37.196Z [32minfo[39m [RouterExplorer] Mapped {/api/inventory/batches, POST} (version: 1) route +0ms
[Nest] 2026-03-25T13:17:37.197Z [32minfo[39m [RouterExplorer] Mapped {/api/inventory/batches, GET} (version: 1) route +1ms
[Nest] 2026-03-25T13:17:37.197Z [32minfo[39m [RouterExplorer] Mapped {/api/inventory/suppliers, GET} (version: 1) route +0ms
[Nest] 2026-03-25T13:17:37.197Z [32minfo[39m [RouterExplorer] Mapped {/api/inventory/suppliers, POST} (version: 1) route +0ms
[Nest] 2026-03-25T13:17:37.197Z [32minfo[39m [RouterExplorer] Mapped {/api/inventory/suppliers/:id, GET} (version: 1) route +0ms
[Nest] 2026-03-25T13:17:37.197Z [32minfo[39m [RouterExplorer] Mapped {/api/inventory/suppliers/:id/payments, POST} (version: 1) route +0ms
[Nest] 2026-03-25T13:17:37.197Z [32minfo[39m [RouterExplorer] Mapped {/api/inventory/finance/summary, GET} (version: 1) route +0ms
[Nest] 2026-03-25T13:17:37.198Z [32minfo[39m [RouterExplorer] Mapped {/api/inventory/finance/cash-flow, GET} (version: 1) route +1ms
[Nest] 2026-03-25T13:17:37.198Z [32minfo[39m [RouterExplorer] Mapped {/api/inventory/finance/opex-categories, GET} (version: 1) route +0ms
[Nest] 2026-03-25T13:17:37.198Z [32minfo[39m [RouterExplorer] Mapped {/api/inventory/finance/opex-categories, POST} (version: 1) route +0ms
[Nest] 2026-03-25T13:17:37.198Z [32minfo[39m [RouterExplorer] Mapped {/api/inventory/finance/opex-transactions, GET} (version: 1) route +0ms
[Nest] 2026-03-25T13:17:37.198Z [32minfo[39m [RouterExplorer] Mapped {/api/inventory/finance/opex, POST} (version: 1) route +0ms
[Nest] 2026-03-25T13:17:37.198Z [32minfo[39m [RoutesResolver] ReportingController {/api/inventory/reporting} (version: 1): +0ms
[Nest] 2026-03-25T13:17:37.199Z [32minfo[39m [RouterExplorer] Mapped {/api/inventory/reporting/closing, GET} (version: 1) route +1ms
[Nest] 2026-03-25T13:17:37.199Z [32minfo[39m [RouterExplorer] Mapped {/api/inventory/reporting/valuation, GET} (version: 1) route +0ms
[Nest] 2026-03-25T13:17:37.199Z [32minfo[39m [RouterExplorer] Mapped {/api/inventory/reporting/accounting, GET} (version: 1) route +0ms
[Nest] 2026-03-25T13:17:37.199Z [32minfo[39m [RouterExplorer] Mapped {/api/inventory/reporting/accounting/export/excel, GET} (version: 1) route +0ms
[Nest] 2026-03-25T13:17:37.199Z [32minfo[39m [RouterExplorer] Mapped {/api/inventory/reporting/accounting/export/pdf, GET} (version: 1) route +0ms
[Nest] 2026-03-25T13:17:37.200Z [32minfo[39m [RoutesResolver] FinanceController {/api/finance} (version: 1): +1ms
[Nest] 2026-03-25T13:17:37.200Z [32minfo[39m [RouterExplorer] Mapped {/api/finance/report-preview, GET} (version: 1) route +0ms
[Nest] 2026-03-25T13:17:37.200Z [32minfo[39m [RouterExplorer] Mapped {/api/finance/export-report, GET} (version: 1) route +0ms
[Nest] 2026-03-25T13:17:37.200Z [32minfo[39m [RoutesResolver] ShippingController {/api/shipping} (version: 1): +0ms
[Nest] 2026-03-25T13:17:37.200Z [32minfo[39m [RouterExplorer] Mapped {/api/shipping/providers, POST} (version: 1) route +0ms
[Nest] 2026-03-25T13:17:37.200Z [32minfo[39m [RouterExplorer] Mapped {/api/shipping/providers, GET} (version: 1) route +0ms
[Nest] 2026-03-25T13:17:37.201Z [32minfo[39m [RouterExplorer] Mapped {/api/shipping/providers/:id, GET} (version: 1) route +1ms
[Nest] 2026-03-25T13:17:37.201Z [32minfo[39m [RouterExplorer] Mapped {/api/shipping/providers/:id, PATCH} (version: 1) route +0ms
[Nest] 2026-03-25T13:17:37.201Z [32minfo[39m [RouterExplorer] Mapped {/api/shipping/providers/:id, DELETE} (version: 1) route +0ms
[Nest] 2026-03-25T13:17:37.201Z [32minfo[39m [RouterExplorer] Mapped {/api/shipping/shipments/pending, GET} (version: 1) route +0ms
[Nest] 2026-03-25T13:17:37.201Z [32minfo[39m [RouterExplorer] Mapped {/api/shipping/shipments, GET} (version: 1) route +0ms
[Nest] 2026-03-25T13:17:37.202Z [32minfo[39m [RouterExplorer] Mapped {/api/shipping/shipments/:orderId, PATCH} (version: 1) route +1ms
[Nest] 2026-03-25T13:17:37.202Z [32minfo[39m [RouterExplorer] Mapped {/api/shipping/shipments/:orderId/process-return, POST} (version: 1) route +0ms
[Nest] 2026-03-25T13:17:37.202Z [32minfo[39m [RouterExplorer] Mapped {/api/shipping/shipments/:orderId/label, GET} (version: 1) route +0ms
[Nest] 2026-03-25T13:17:37.202Z [32minfo[39m [RoutesResolver] ProfilesController {/api/profiles} (version: 1): +0ms
[Nest] 2026-03-25T13:17:37.202Z [32minfo[39m [RouterExplorer] Mapped {/api/profiles/me, GET} (version: 1) route +0ms
[Nest] 2026-03-25T13:17:37.202Z [32minfo[39m [RouterExplorer] Mapped {/api/profiles/me, PATCH} (version: 1) route +0ms
[Nest] 2026-03-25T13:17:37.203Z [32minfo[39m [RouterExplorer] Mapped {/api/profiles, GET} (version: 1) route +1ms
[Nest] 2026-03-25T13:17:37.203Z [32minfo[39m [RouterExplorer] Mapped {/api/profiles/:id, GET} (version: 1) route +0ms
[Nest] 2026-03-25T13:17:37.203Z [32minfo[39m [RoutesResolver] PaymentsController {/api/payments} (version: 1): +0ms
[Nest] 2026-03-25T13:17:37.203Z [32minfo[39m [RouterExplorer] Mapped {/api/payments/signature/:orderId, GET} (version: 1) route +0ms
[Nest] 2026-03-25T13:17:37.203Z [32minfo[39m [RouterExplorer] Mapped {/api/payments/wompi/signature/:orderId, GET} (version: 1) route +0ms
[Nest] 2026-03-25T13:17:37.203Z [32minfo[39m [RouterExplorer] Mapped {/api/payments/webhook/wompi, POST} (version: 1) route +0ms
[Nest] 2026-03-25T13:17:37.203Z [32minfo[39m [RouterExplorer] Mapped {/api/payments/wompi/webhook, POST} (version: 1) route +0ms
[Nest] 2026-03-25T13:17:37.204Z [32minfo[39m [RouterExplorer] Mapped {/api/payments/upload-receipt/:entityType/:entityId, POST} (version: 1) route +1ms
[Nest] 2026-03-25T13:17:37.204Z [32minfo[39m [RoutesResolver] LocationsController {/api/locations} (version: 1): +0ms
[Nest] 2026-03-25T13:17:37.204Z [32minfo[39m [RouterExplorer] Mapped {/api/locations/departments, GET} (version: 1) route +0ms
[Nest] 2026-03-25T13:17:37.204Z [32minfo[39m [RouterExplorer] Mapped {/api/locations/municipalities/:departmentId, GET} (version: 1) route +0ms
[Nest] 2026-03-25T13:17:37.204Z [32minfo[39m [RoutesResolver] AddressesController {/api/addresses} (version: 1): +0ms
[Nest] 2026-03-25T13:17:37.204Z [32minfo[39m [RouterExplorer] Mapped {/api/addresses, POST} (version: 1) route +0ms
[Nest] 2026-03-25T13:17:37.205Z [32minfo[39m [RouterExplorer] Mapped {/api/addresses, GET} (version: 1) route +1ms
[Nest] 2026-03-25T13:17:37.205Z [32minfo[39m [RouterExplorer] Mapped {/api/addresses/:id, GET} (version: 1) route +0ms
[Nest] 2026-03-25T13:17:37.205Z [32minfo[39m [RouterExplorer] Mapped {/api/addresses/:id, PATCH} (version: 1) route +0ms
[Nest] 2026-03-25T13:17:37.205Z [32minfo[39m [RouterExplorer] Mapped {/api/addresses/:id, DELETE} (version: 1) route +0ms
[Nest] 2026-03-25T13:17:37.205Z [32minfo[39m [RoutesResolver] AuditController {/api/audit} (version: 1): +0ms
[Nest] 2026-03-25T13:17:37.206Z [32minfo[39m [RouterExplorer] Mapped {/api/audit, GET} (version: 1) route +1ms
[Nest] 2026-03-25T13:17:37.206Z [32minfo[39m [RouterExplorer] Mapped {/api/audit/:id, GET} (version: 1) route +0ms
[Nest] 2026-03-25T13:17:37.206Z [32minfo[39m [RoutesResolver] ConfigurationController {/api/configuration} (version: 1): +0ms
[Nest] 2026-03-25T13:17:37.207Z [32minfo[39m [RouterExplorer] Mapped {/api/configuration/products/:slug, GET} (version: 1) route +1ms
[Nest] 2026-03-25T13:17:37.207Z [32minfo[39m [RouterExplorer] Mapped {/api/configuration/options/:productId, GET} (version: 1) route +0ms
[Nest] 2026-03-25T13:17:37.207Z [32minfo[39m [RoutesResolver] CatalogController {/api/catalog} (version: 1): +0ms
[Nest] 2026-03-25T13:17:37.207Z [32minfo[39m [RouterExplorer] Mapped {/api/catalog, POST} (version: 1) route +0ms
[Nest] 2026-03-25T13:17:37.207Z [32minfo[39m [RouterExplorer] Mapped {/api/catalog/products, GET} (version: 1) route +0ms
[Nest] 2026-03-25T13:17:37.208Z [32minfo[39m [RouterExplorer] Mapped {/api/catalog/search, GET} (version: 1) route +1ms
[Nest] 2026-03-25T13:17:37.208Z [32minfo[39m [RouterExplorer] Mapped {/api/catalog/slug/:slug, GET} (version: 1) route +0ms
[Nest] 2026-03-25T13:17:37.208Z [32minfo[39m [RouterExplorer] Mapped {/api/catalog/products/:slug/config, GET} (version: 1) route +0ms
[Nest] 2026-03-25T13:17:37.209Z [32minfo[39m [RouterExplorer] Mapped {/api/catalog/:id, GET} (version: 1) route +1ms
[Nest] 2026-03-25T13:17:37.209Z [32minfo[39m [RouterExplorer] Mapped {/api/catalog/:id, PATCH} (version: 1) route +0ms
[Nest] 2026-03-25T13:17:37.209Z [32minfo[39m [RouterExplorer] Mapped {/api/catalog/:id, DELETE} (version: 1) route +0ms
[Nest] 2026-03-25T13:17:37.209Z [32minfo[39m [RoutesResolver] PersonalizationsController {/api/personalizations} (version: 1): +0ms
[Nest] 2026-03-25T13:17:37.209Z [32minfo[39m [RouterExplorer] Mapped {/api/personalizations, GET} (version: 1) route +0ms
[Nest] 2026-03-25T13:17:37.209Z [32minfo[39m [RouterExplorer] Mapped {/api/personalizations, POST} (version: 1) route +0ms
[Nest] 2026-03-25T13:17:37.210Z [32minfo[39m [RouterExplorer] Mapped {/api/personalizations/:id, PUT} (version: 1) route +1ms
[Nest] 2026-03-25T13:17:37.210Z [32minfo[39m [RouterExplorer] Mapped {/api/personalizations/:id, DELETE} (version: 1) route +0ms
[Nest] 2026-03-25T13:17:37.210Z [32minfo[39m [RoutesResolver] CollectionsController {/api/collections} (version: 1): +0ms
[Nest] 2026-03-25T13:17:37.210Z [32minfo[39m [RouterExplorer] Mapped {/api/collections, GET} (version: 1) route +0ms
[Nest] 2026-03-25T13:17:37.210Z [32minfo[39m [RouterExplorer] Mapped {/api/collections, POST} (version: 1) route +0ms
[Nest] 2026-03-25T13:17:37.210Z [32minfo[39m [RouterExplorer] Mapped {/api/collections/:id, PATCH} (version: 1) route +0ms
[Nest] 2026-03-25T13:17:37.210Z [32minfo[39m [RouterExplorer] Mapped {/api/collections/:id, DELETE} (version: 1) route +0ms
[Nest] 2026-03-25T13:17:37.211Z [32minfo[39m [RoutesResolver] WizardController {/api/wizard-options} (version: 1): +1ms
[Nest] 2026-03-25T13:17:37.211Z [32minfo[39m [RouterExplorer] Mapped {/api/wizard-options, GET} (version: 1) route +0ms
[Nest] 2026-03-25T13:17:37.211Z [32minfo[39m [RouterExplorer] Mapped {/api/wizard-options/grouped, GET} (version: 1) route +0ms
[Nest] 2026-03-25T13:17:37.211Z [32minfo[39m [RouterExplorer] Mapped {/api/wizard-options/:id, GET} (version: 1) route +0ms
[Nest] 2026-03-25T13:17:37.211Z [32minfo[39m [RouterExplorer] Mapped {/api/wizard-options, POST} (version: 1) route +0ms
[Nest] 2026-03-25T13:17:37.212Z [32minfo[39m [RouterExplorer] Mapped {/api/wizard-options/:id, PATCH} (version: 1) route +1ms
[Nest] 2026-03-25T13:17:37.212Z [32minfo[39m [RouterExplorer] Mapped {/api/wizard-options/:id, DELETE} (version: 1) route +0ms
[Nest] 2026-03-25T13:17:37.212Z [32minfo[39m [RoutesResolver] UsersController {/api/users} (version: 1): +0ms
[Nest] 2026-03-25T13:17:37.212Z [32minfo[39m [RouterExplorer] Mapped {/api/users, GET} (version: 1) route +0ms
[Nest] 2026-03-25T13:17:37.212Z [32minfo[39m [RouterExplorer] Mapped {/api/users/:id/role, PATCH} (version: 1) route +0ms
[Nest] 2026-03-25T13:17:37.212Z [32minfo[39m [RoutesResolver] PqrsController {/api/pqrs} (version: 1): +0ms
[Nest] 2026-03-25T13:17:37.213Z [32minfo[39m [RouterExplorer] Mapped {/api/pqrs, POST} (version: 1) route +1ms
[Nest] 2026-03-25T13:17:37.213Z [32minfo[39m [RouterExplorer] Mapped {/api/pqrs, GET} (version: 1) route +0ms
[Nest] 2026-03-25T13:17:37.213Z [32minfo[39m [RouterExplorer] Mapped {/api/pqrs/:id, PATCH} (version: 1) route +0ms
[Nest] 2026-03-25T13:17:37.213Z [32minfo[39m [RoutesResolver] PayrollController {/api/payroll} (version: 1): +0ms
[Nest] 2026-03-25T13:17:37.213Z [32minfo[39m [RouterExplorer] Mapped {/api/payroll/shifts, GET} (version: 1) route +0ms
[Nest] 2026-03-25T13:17:37.213Z [32minfo[39m [RouterExplorer] Mapped {/api/payroll/workers, GET} (version: 1) route +0ms
[Nest] 2026-03-25T13:17:37.214Z [32minfo[39m [RouterExplorer] Mapped {/api/payroll/workers/:id/history, GET} (version: 1) route +1ms
[Nest] 2026-03-25T13:17:37.214Z [32minfo[39m [RouterExplorer] Mapped {/api/payroll/statements, GET} (version: 1) route +0ms
[Nest] 2026-03-25T13:17:37.214Z [32minfo[39m [RouterExplorer] Mapped {/api/payroll/statements/:id, GET} (version: 1) route +0ms
[Nest] 2026-03-25T13:17:37.214Z [32minfo[39m [RouterExplorer] Mapped {/api/payroll/statements/:id/pdf, GET} (version: 1) route +0ms
[Nest] 2026-03-25T13:17:37.215Z [32minfo[39m [RouterExplorer] Mapped {/api/payroll/shifts, POST} (version: 1) route +1ms
[Nest] 2026-03-25T13:17:37.215Z [32minfo[39m [RouterExplorer] Mapped {/api/payroll/workers, POST} (version: 1) route +0ms
[Nest] 2026-03-25T13:17:37.215Z [32minfo[39m [RouterExplorer] Mapped {/api/payroll/shifts/:id, PATCH} (version: 1) route +0ms
[Nest] 2026-03-25T13:17:37.216Z [32minfo[39m [RouterExplorer] Mapped {/api/payroll/workers/:id, PATCH} (version: 1) route +1ms
[Nest] 2026-03-25T13:17:37.216Z [32minfo[39m [RouterExplorer] Mapped {/api/payroll/shifts/:id, DELETE} (version: 1) route +0ms
[Nest] 2026-03-25T13:17:37.216Z [32minfo[39m [RouterExplorer] Mapped {/api/payroll/statements/consolidate, POST} (version: 1) route +0ms
[Nest] 2026-03-25T13:17:37.216Z [32minfo[39m [RouterExplorer] Mapped {/api/payroll/statements/:id/status, PATCH} (version: 1) route +0ms
[Nest] 2026-03-25T13:17:37.307Z [32minfo[39m [NestApplication] Nest application successfully started +91ms
[Nest] 2026-03-25T13:17:37.314Z [31merror[39m [NestApplication] Error: listen EADDRINUSE: address already in use 0.0.0.0:4004 +7ms
[2J[3J[H[[90m9:01:20 a. m.[0m] File change detected. Starting incremental compilation...

[[90m9:01:23 a. m.[0m] Found 0 errors. Watching for file changes.

[Nest] 2026-03-25T14:01:28.460Z [32minfo[39m [NestFactory] Starting Nest application... +0ms
[Nest] 2026-03-25T14:01:28.534Z [32minfo[39m [InstanceLoader] SentryModule dependencies initialized +73ms
[Nest] 2026-03-25T14:01:28.534Z [32minfo[39m [InstanceLoader] PrismaModule dependencies initialized +0ms
[Nest] 2026-03-25T14:01:28.535Z [32minfo[39m [InstanceLoader] CartModule dependencies initialized +1ms
[Nest] 2026-03-25T14:01:28.535Z [32minfo[39m [InstanceLoader] AdminModule dependencies initialized +0ms
[Nest] 2026-03-25T14:01:28.540Z [32minfo[39m [InstanceLoader] ConfigHostModule dependencies initialized +5ms
[Nest] 2026-03-25T14:01:28.540Z [32minfo[39m [InstanceLoader] ThrottlerModule dependencies initialized +0ms
[Nest] 2026-03-25T14:01:28.541Z [32minfo[39m [InstanceLoader] PrometheusModule dependencies initialized +1ms
[Nest] 2026-03-25T14:01:28.541Z [32minfo[39m [InstanceLoader] RolesModule dependencies initialized +0ms
[Nest] 2026-03-25T14:01:28.545Z [32minfo[39m [InstanceLoader] ConfigModule dependencies initialized +4ms
[Nest] 2026-03-25T14:01:28.545Z [32minfo[39m [InstanceLoader] ConfigModule dependencies initialized +0ms
[Nest] 2026-03-25T14:01:28.548Z [32minfo[39m [InstanceLoader] DashboardModule dependencies initialized +3ms
[Nest] 2026-03-25T14:01:28.548Z [32minfo[39m [InstanceLoader] PricingModule dependencies initialized +0ms
[Nest] 2026-03-25T14:01:28.548Z [32minfo[39m [InstanceLoader] AuthModule dependencies initialized +0ms
[Nest] 2026-03-25T14:01:28.548Z [32minfo[39m [InstanceLoader] LocationsModule dependencies initialized +0ms
[Nest] 2026-03-25T14:01:28.548Z [32minfo[39m [InstanceLoader] AuditModule dependencies initialized +0ms
[Nest] 2026-03-25T14:01:28.548Z [32minfo[39m [InstanceLoader] ConfigurationModule dependencies initialized +0ms
[Nest] 2026-03-25T14:01:28.548Z [32minfo[39m [InstanceLoader] PersonalizationsModule dependencies initialized +0ms
[Nest] 2026-03-25T14:01:28.548Z [32minfo[39m [InstanceLoader] WizardModule dependencies initialized +0ms
[Nest] 2026-03-25T14:01:28.548Z [32minfo[39m [InstanceLoader] UsersModule dependencies initialized +0ms
[Nest] 2026-03-25T14:01:28.549Z [32minfo[39m [InstanceLoader] StorageModule dependencies initialized +1ms
[Nest] 2026-03-25T14:01:28.549Z [32minfo[39m [InstanceLoader] InventoryModule dependencies initialized +0ms
[Nest] 2026-03-25T14:01:28.549Z [32minfo[39m [InstanceLoader] ProfilesModule dependencies initialized +0ms
[Nest] 2026-03-25T14:01:28.549Z [32minfo[39m [InstanceLoader] CollectionsModule dependencies initialized +0ms
[Nest] 2026-03-25T14:01:28.549Z [32minfo[39m [InstanceLoader] PqrsModule dependencies initialized +0ms
[Nest] 2026-03-25T14:01:28.550Z [32minfo[39m [InstanceLoader] AddressesModule dependencies initialized +1ms
[Nest] 2026-03-25T14:01:28.551Z [32minfo[39m [InstanceLoader] ShippingModule dependencies initialized +1ms
[Nest] 2026-03-25T14:01:28.551Z [32minfo[39m [InstanceLoader] OrdersModule dependencies initialized +0ms
[Nest] 2026-03-25T14:01:28.551Z [32minfo[39m [InstanceLoader] CacheModule dependencies initialized +0ms
[Nest] 2026-03-25T14:01:28.552Z [32minfo[39m [InstanceLoader] AppModule dependencies initialized +1ms
[Nest] 2026-03-25T14:01:28.552Z [32minfo[39m [InstanceLoader] CatalogModule dependencies initialized +0ms
[Nest] 2026-03-25T14:01:28.553Z [32minfo[39m [InstanceLoader] B2BModule dependencies initialized +1ms
[Nest] 2026-03-25T14:01:28.553Z [32minfo[39m [InstanceLoader] PayrollModule dependencies initialized +0ms
[Nest] 2026-03-25T14:01:28.553Z [32minfo[39m [InstanceLoader] PaymentsModule dependencies initialized +0ms
[Nest] 2026-03-25T14:01:28.567Z [33mwarn[39m [LegacyRouteConverter] Unsupported route path: "/api/*". In previous versions, the symbols ?, *, and + were used to denote optional or repeating path parameters. The latest version of "path-to-regexp" now requires the use of named parameters. For example, instead of using a route like /users/* to capture all routes starting with "/users", you should use /users/*path. For more details, refer to the migration guide. Attempting to auto-convert... +14ms
[Nest] 2026-03-25T14:01:28.569Z [32minfo[39m [RoutesResolver] AppController {/api} (version: 1): +2ms
[Nest] 2026-03-25T14:01:28.575Z [32minfo[39m [RouterExplorer] Mapped {/api, GET} (version: 1) route +6ms
[Nest] 2026-03-25T14:01:28.575Z [32minfo[39m [RouterExplorer] Mapped {/api/debug-sentry, GET} (version: 1) route +0ms
[Nest] 2026-03-25T14:01:28.575Z [32minfo[39m [RoutesResolver] PrometheusController {/api/metrics} (version: 1): +0ms
[Nest] 2026-03-25T14:01:28.576Z [32minfo[39m [RouterExplorer] Mapped {/api/metrics, GET} (version: 1) route +1ms
[Nest] 2026-03-25T14:01:28.576Z [32minfo[39m [RoutesResolver] DashboardController {/api/dashboard} (version: 1): +0ms
[Nest] 2026-03-25T14:01:28.577Z [32minfo[39m [RouterExplorer] Mapped {/api/dashboard/stats, GET} (version: 1) route +1ms
[Nest] 2026-03-25T14:01:28.577Z [32minfo[39m [RoutesResolver] B2bController {/api/b2b} (version: 1): +0ms
[Nest] 2026-03-25T14:01:28.578Z [32minfo[39m [RouterExplorer] Mapped {/api/b2b/quote, POST} (version: 1) route +1ms
[Nest] 2026-03-25T14:01:28.579Z [32minfo[39m [RouterExplorer] Mapped {/api/b2b/quotes, GET} (version: 1) route +1ms
[Nest] 2026-03-25T14:01:28.579Z [32minfo[39m [RouterExplorer] Mapped {/api/b2b/quotes/:id/approve, PATCH} (version: 1) route +0ms
[Nest] 2026-03-25T14:01:28.580Z [32minfo[39m [RoutesResolver] PricingController {/api/pricing} (version: 1): +1ms
[Nest] 2026-03-25T14:01:28.580Z [32minfo[39m [RouterExplorer] Mapped {/api/pricing/quote, POST} (version: 1) route +0ms
[Nest] 2026-03-25T14:01:28.580Z [32minfo[39m [RoutesResolver] AuthController {/api/auth} (version: 1): +0ms
[Nest] 2026-03-25T14:01:28.581Z [32minfo[39m [RouterExplorer] Mapped {/api/auth/register, POST} (version: 1) route +1ms
[Nest] 2026-03-25T14:01:28.581Z [32minfo[39m [RouterExplorer] Mapped {/api/auth/login, POST} (version: 1) route +0ms
[Nest] 2026-03-25T14:01:28.582Z [32minfo[39m [RouterExplorer] Mapped {/api/auth/forgot-password, POST} (version: 1) route +1ms
[Nest] 2026-03-25T14:01:28.582Z [32minfo[39m [RoutesResolver] OrdersController {/api/orders} (version: 1): +0ms
[Nest] 2026-03-25T14:01:28.582Z [32minfo[39m [RouterExplorer] Mapped {/api/orders, POST} (version: 1) route +0ms
[Nest] 2026-03-25T14:01:28.583Z [32minfo[39m [RouterExplorer] Mapped {/api/orders, GET} (version: 1) route +1ms
[Nest] 2026-03-25T14:01:28.583Z [32minfo[39m [RouterExplorer] Mapped {/api/orders/user/:userId, GET} (version: 1) route +0ms
[Nest] 2026-03-25T14:01:28.583Z [32minfo[39m [RouterExplorer] Mapped {/api/orders/:id, GET} (version: 1) route +0ms
[Nest] 2026-03-25T14:01:28.584Z [32minfo[39m [RouterExplorer] Mapped {/api/orders/:id, PATCH} (version: 1) route +1ms
[Nest] 2026-03-25T14:01:28.584Z [32minfo[39m [RouterExplorer] Mapped {/api/orders/:id/receipt, GET} (version: 1) route +0ms
[Nest] 2026-03-25T14:01:28.584Z [32minfo[39m [RoutesResolver] InventoryController {/api/inventory} (version: 1): +0ms
[Nest] 2026-03-25T14:01:28.585Z [32minfo[39m [RouterExplorer] Mapped {/api/inventory/detailed, GET} (version: 1) route +1ms
[Nest] 2026-03-25T14:01:28.586Z [32minfo[39m [RouterExplorer] Mapped {/api/inventory/movements, GET} (version: 1) route +1ms
[Nest] 2026-03-25T14:01:28.586Z [32minfo[39m [RouterExplorer] Mapped {/api/inventory/products/:productId/average-cost, GET} (version: 1) route +0ms
[Nest] 2026-03-25T14:01:28.587Z [32minfo[39m [RouterExplorer] Mapped {/api/inventory/batch, POST} (version: 1) route +1ms
[Nest] 2026-03-25T14:01:28.587Z [32minfo[39m [RouterExplorer] Mapped {/api/inventory/receive-batch, POST} (version: 1) route +0ms
[Nest] 2026-03-25T14:01:28.587Z [32minfo[39m [RouterExplorer] Mapped {/api/inventory/batches, POST} (version: 1) route +0ms
[Nest] 2026-03-25T14:01:28.588Z [32minfo[39m [RouterExplorer] Mapped {/api/inventory/batches, GET} (version: 1) route +1ms
[Nest] 2026-03-25T14:01:28.588Z [32minfo[39m [RouterExplorer] Mapped {/api/inventory/suppliers, GET} (version: 1) route +0ms
[Nest] 2026-03-25T14:01:28.588Z [32minfo[39m [RouterExplorer] Mapped {/api/inventory/suppliers, POST} (version: 1) route +0ms
[Nest] 2026-03-25T14:01:28.589Z [32minfo[39m [RouterExplorer] Mapped {/api/inventory/suppliers/:id, GET} (version: 1) route +1ms
[Nest] 2026-03-25T14:01:28.590Z [32minfo[39m [RouterExplorer] Mapped {/api/inventory/suppliers/:id/payments, POST} (version: 1) route +1ms
[Nest] 2026-03-25T14:01:28.590Z [32minfo[39m [RouterExplorer] Mapped {/api/inventory/finance/summary, GET} (version: 1) route +0ms
[Nest] 2026-03-25T14:01:28.590Z [32minfo[39m [RouterExplorer] Mapped {/api/inventory/finance/cash-flow, GET} (version: 1) route +0ms
[Nest] 2026-03-25T14:01:28.591Z [32minfo[39m [RouterExplorer] Mapped {/api/inventory/finance/opex-categories, GET} (version: 1) route +1ms
[Nest] 2026-03-25T14:01:28.591Z [32minfo[39m [RouterExplorer] Mapped {/api/inventory/finance/opex-categories, POST} (version: 1) route +0ms
[Nest] 2026-03-25T14:01:28.591Z [32minfo[39m [RouterExplorer] Mapped {/api/inventory/finance/opex-transactions, GET} (version: 1) route +0ms
[Nest] 2026-03-25T14:01:28.591Z [32minfo[39m [RouterExplorer] Mapped {/api/inventory/finance/opex, POST} (version: 1) route +0ms
[Nest] 2026-03-25T14:01:28.592Z [32minfo[39m [RoutesResolver] ReportingController {/api/inventory/reporting} (version: 1): +1ms
[Nest] 2026-03-25T14:01:28.592Z [32minfo[39m [RouterExplorer] Mapped {/api/inventory/reporting/closing, GET} (version: 1) route +0ms
[Nest] 2026-03-25T14:01:28.593Z [32minfo[39m [RouterExplorer] Mapped {/api/inventory/reporting/valuation, GET} (version: 1) route +1ms
[Nest] 2026-03-25T14:01:28.593Z [32minfo[39m [RouterExplorer] Mapped {/api/inventory/reporting/accounting, GET} (version: 1) route +0ms
[Nest] 2026-03-25T14:01:28.593Z [32minfo[39m [RouterExplorer] Mapped {/api/inventory/reporting/accounting/export/excel, GET} (version: 1) route +0ms
[Nest] 2026-03-25T14:01:28.593Z [32minfo[39m [RouterExplorer] Mapped {/api/inventory/reporting/accounting/export/pdf, GET} (version: 1) route +0ms
[Nest] 2026-03-25T14:01:28.594Z [32minfo[39m [RoutesResolver] FinanceController {/api/finance} (version: 1): +1ms
[Nest] 2026-03-25T14:01:28.594Z [32minfo[39m [RouterExplorer] Mapped {/api/finance/report-preview, GET} (version: 1) route +0ms
[Nest] 2026-03-25T14:01:28.594Z [32minfo[39m [RouterExplorer] Mapped {/api/finance/export-report, GET} (version: 1) route +0ms
[Nest] 2026-03-25T14:01:28.594Z [32minfo[39m [RoutesResolver] ShippingController {/api/shipping} (version: 1): +0ms
[Nest] 2026-03-25T14:01:28.595Z [32minfo[39m [RouterExplorer] Mapped {/api/shipping/providers, POST} (version: 1) route +1ms
[Nest] 2026-03-25T14:01:28.595Z [32minfo[39m [RouterExplorer] Mapped {/api/shipping/providers, GET} (version: 1) route +0ms
[Nest] 2026-03-25T14:01:28.595Z [32minfo[39m [RouterExplorer] Mapped {/api/shipping/providers/:id, GET} (version: 1) route +0ms
[Nest] 2026-03-25T14:01:28.595Z [32minfo[39m [RouterExplorer] Mapped {/api/shipping/providers/:id, PATCH} (version: 1) route +0ms
[Nest] 2026-03-25T14:01:28.596Z [32minfo[39m [RouterExplorer] Mapped {/api/shipping/providers/:id, DELETE} (version: 1) route +1ms
[Nest] 2026-03-25T14:01:28.596Z [32minfo[39m [RouterExplorer] Mapped {/api/shipping/shipments/pending, GET} (version: 1) route +0ms
[Nest] 2026-03-25T14:01:28.596Z [32minfo[39m [RouterExplorer] Mapped {/api/shipping/shipments, GET} (version: 1) route +0ms
[Nest] 2026-03-25T14:01:28.596Z [32minfo[39m [RouterExplorer] Mapped {/api/shipping/shipments/:orderId, PATCH} (version: 1) route +0ms
[Nest] 2026-03-25T14:01:28.597Z [32minfo[39m [RouterExplorer] Mapped {/api/shipping/shipments/:orderId/process-return, POST} (version: 1) route +1ms
[Nest] 2026-03-25T14:01:28.597Z [32minfo[39m [RouterExplorer] Mapped {/api/shipping/shipments/:orderId/label, GET} (version: 1) route +0ms
[Nest] 2026-03-25T14:01:28.597Z [32minfo[39m [RoutesResolver] ProfilesController {/api/profiles} (version: 1): +0ms
[Nest] 2026-03-25T14:01:28.597Z [32minfo[39m [RouterExplorer] Mapped {/api/profiles/me, GET} (version: 1) route +0ms
[Nest] 2026-03-25T14:01:28.597Z [32minfo[39m [RouterExplorer] Mapped {/api/profiles/me, PATCH} (version: 1) route +0ms
[Nest] 2026-03-25T14:01:28.598Z [32minfo[39m [RouterExplorer] Mapped {/api/profiles, GET} (version: 1) route +1ms
[Nest] 2026-03-25T14:01:28.598Z [32minfo[39m [RouterExplorer] Mapped {/api/profiles/:id, GET} (version: 1) route +0ms
[Nest] 2026-03-25T14:01:28.598Z [32minfo[39m [RoutesResolver] PaymentsController {/api/payments} (version: 1): +0ms
[Nest] 2026-03-25T14:01:28.598Z [32minfo[39m [RouterExplorer] Mapped {/api/payments/signature/:orderId, GET} (version: 1) route +0ms
[Nest] 2026-03-25T14:01:28.599Z [32minfo[39m [RouterExplorer] Mapped {/api/payments/wompi/signature/:orderId, GET} (version: 1) route +1ms
[Nest] 2026-03-25T14:01:28.599Z [32minfo[39m [RouterExplorer] Mapped {/api/payments/webhook/wompi, POST} (version: 1) route +0ms
[Nest] 2026-03-25T14:01:28.599Z [32minfo[39m [RouterExplorer] Mapped {/api/payments/wompi/webhook, POST} (version: 1) route +0ms
[Nest] 2026-03-25T14:01:28.599Z [32minfo[39m [RouterExplorer] Mapped {/api/payments/upload-receipt/:entityType/:entityId, POST} (version: 1) route +0ms
[Nest] 2026-03-25T14:01:28.599Z [32minfo[39m [RoutesResolver] LocationsController {/api/locations} (version: 1): +0ms
[Nest] 2026-03-25T14:01:28.600Z [32minfo[39m [RouterExplorer] Mapped {/api/locations/departments, GET} (version: 1) route +1ms
[Nest] 2026-03-25T14:01:28.600Z [32minfo[39m [RouterExplorer] Mapped {/api/locations/municipalities/:departmentId, GET} (version: 1) route +0ms
[Nest] 2026-03-25T14:01:28.600Z [32minfo[39m [RoutesResolver] AddressesController {/api/addresses} (version: 1): +0ms
[Nest] 2026-03-25T14:01:28.601Z [32minfo[39m [RouterExplorer] Mapped {/api/addresses, POST} (version: 1) route +1ms
[Nest] 2026-03-25T14:01:28.601Z [32minfo[39m [RouterExplorer] Mapped {/api/addresses, GET} (version: 1) route +0ms
[Nest] 2026-03-25T14:01:28.601Z [32minfo[39m [RouterExplorer] Mapped {/api/addresses/:id, GET} (version: 1) route +0ms
[Nest] 2026-03-25T14:01:28.601Z [32minfo[39m [RouterExplorer] Mapped {/api/addresses/:id, PATCH} (version: 1) route +0ms
[Nest] 2026-03-25T14:01:28.602Z [32minfo[39m [RouterExplorer] Mapped {/api/addresses/:id, DELETE} (version: 1) route +1ms
[Nest] 2026-03-25T14:01:28.602Z [32minfo[39m [RoutesResolver] AuditController {/api/audit} (version: 1): +0ms
[Nest] 2026-03-25T14:01:28.602Z [32minfo[39m [RouterExplorer] Mapped {/api/audit, GET} (version: 1) route +0ms
[Nest] 2026-03-25T14:01:28.603Z [32minfo[39m [RouterExplorer] Mapped {/api/audit/:id, GET} (version: 1) route +1ms
[Nest] 2026-03-25T14:01:28.603Z [32minfo[39m [RoutesResolver] ConfigurationController {/api/configuration} (version: 1): +0ms
[Nest] 2026-03-25T14:01:28.604Z [32minfo[39m [RouterExplorer] Mapped {/api/configuration/products/:slug, GET} (version: 1) route +1ms
[Nest] 2026-03-25T14:01:28.604Z [32minfo[39m [RouterExplorer] Mapped {/api/configuration/options/:productId, GET} (version: 1) route +0ms
[Nest] 2026-03-25T14:01:28.604Z [32minfo[39m [RoutesResolver] CatalogController {/api/catalog} (version: 1): +0ms
[Nest] 2026-03-25T14:01:28.604Z [32minfo[39m [RouterExplorer] Mapped {/api/catalog, POST} (version: 1) route +0ms
[Nest] 2026-03-25T14:01:28.604Z [32minfo[39m [RouterExplorer] Mapped {/api/catalog/products, GET} (version: 1) route +0ms
[Nest] 2026-03-25T14:01:28.605Z [32minfo[39m [RouterExplorer] Mapped {/api/catalog/search, GET} (version: 1) route +1ms
[Nest] 2026-03-25T14:01:28.605Z [32minfo[39m [RouterExplorer] Mapped {/api/catalog/slug/:slug, GET} (version: 1) route +0ms
[Nest] 2026-03-25T14:01:28.605Z [32minfo[39m [RouterExplorer] Mapped {/api/catalog/products/:slug/config, GET} (version: 1) route +0ms
[Nest] 2026-03-25T14:01:28.605Z [32minfo[39m [RouterExplorer] Mapped {/api/catalog/:id, GET} (version: 1) route +0ms
[Nest] 2026-03-25T14:01:28.606Z [32minfo[39m [RouterExplorer] Mapped {/api/catalog/:id, PATCH} (version: 1) route +1ms
[Nest] 2026-03-25T14:01:28.606Z [32minfo[39m [RouterExplorer] Mapped {/api/catalog/:id, DELETE} (version: 1) route +0ms
[Nest] 2026-03-25T14:01:28.606Z [32minfo[39m [RoutesResolver] PersonalizationsController {/api/personalizations} (version: 1): +0ms
[Nest] 2026-03-25T14:01:28.606Z [32minfo[39m [RouterExplorer] Mapped {/api/personalizations, GET} (version: 1) route +0ms
[Nest] 2026-03-25T14:01:28.606Z [32minfo[39m [RouterExplorer] Mapped {/api/personalizations, POST} (version: 1) route +0ms
[Nest] 2026-03-25T14:01:28.606Z [32minfo[39m [RouterExplorer] Mapped {/api/personalizations/:id, PUT} (version: 1) route +0ms
[Nest] 2026-03-25T14:01:28.607Z [32minfo[39m [RouterExplorer] Mapped {/api/personalizations/:id, DELETE} (version: 1) route +1ms
[Nest] 2026-03-25T14:01:28.607Z [32minfo[39m [RoutesResolver] CollectionsController {/api/collections} (version: 1): +0ms
[Nest] 2026-03-25T14:01:28.607Z [32minfo[39m [RouterExplorer] Mapped {/api/collections, GET} (version: 1) route +0ms
[Nest] 2026-03-25T14:01:28.607Z [32minfo[39m [RouterExplorer] Mapped {/api/collections, POST} (version: 1) route +0ms
[Nest] 2026-03-25T14:01:28.607Z [32minfo[39m [RouterExplorer] Mapped {/api/collections/:id, PATCH} (version: 1) route +0ms
[Nest] 2026-03-25T14:01:28.608Z [32minfo[39m [RouterExplorer] Mapped {/api/collections/:id, DELETE} (version: 1) route +1ms
[Nest] 2026-03-25T14:01:28.608Z [32minfo[39m [RoutesResolver] WizardController {/api/wizard-options} (version: 1): +0ms
[Nest] 2026-03-25T14:01:28.608Z [32minfo[39m [RouterExplorer] Mapped {/api/wizard-options, GET} (version: 1) route +0ms
[Nest] 2026-03-25T14:01:28.608Z [32minfo[39m [RouterExplorer] Mapped {/api/wizard-options/grouped, GET} (version: 1) route +0ms
[Nest] 2026-03-25T14:01:28.609Z [32minfo[39m [RouterExplorer] Mapped {/api/wizard-options/:id, GET} (version: 1) route +1ms
[Nest] 2026-03-25T14:01:28.609Z [32minfo[39m [RouterExplorer] Mapped {/api/wizard-options, POST} (version: 1) route +0ms
[Nest] 2026-03-25T14:01:28.609Z [32minfo[39m [RouterExplorer] Mapped {/api/wizard-options/:id, PATCH} (version: 1) route +0ms
[Nest] 2026-03-25T14:01:28.609Z [32minfo[39m [RouterExplorer] Mapped {/api/wizard-options/:id, DELETE} (version: 1) route +0ms
[Nest] 2026-03-25T14:01:28.609Z [32minfo[39m [RoutesResolver] UsersController {/api/users} (version: 1): +0ms
[Nest] 2026-03-25T14:01:28.610Z [32minfo[39m [RouterExplorer] Mapped {/api/users, GET} (version: 1) route +1ms
[Nest] 2026-03-25T14:01:28.610Z [32minfo[39m [RouterExplorer] Mapped {/api/users/:id/role, PATCH} (version: 1) route +0ms
[Nest] 2026-03-25T14:01:28.610Z [32minfo[39m [RoutesResolver] PqrsController {/api/pqrs} (version: 1): +0ms
[Nest] 2026-03-25T14:01:28.610Z [32minfo[39m [RouterExplorer] Mapped {/api/pqrs, POST} (version: 1) route +0ms
[Nest] 2026-03-25T14:01:28.610Z [32minfo[39m [RouterExplorer] Mapped {/api/pqrs, GET} (version: 1) route +0ms
[Nest] 2026-03-25T14:01:28.611Z [32minfo[39m [RouterExplorer] Mapped {/api/pqrs/:id, PATCH} (version: 1) route +1ms
[Nest] 2026-03-25T14:01:28.611Z [32minfo[39m [RoutesResolver] PayrollController {/api/payroll} (version: 1): +0ms
[Nest] 2026-03-25T14:01:28.611Z [32minfo[39m [RouterExplorer] Mapped {/api/payroll/shifts, GET} (version: 1) route +0ms
[Nest] 2026-03-25T14:01:28.611Z [32minfo[39m [RouterExplorer] Mapped {/api/payroll/workers, GET} (version: 1) route +0ms
[Nest] 2026-03-25T14:01:28.611Z [32minfo[39m [RouterExplorer] Mapped {/api/payroll/workers/:id/history, GET} (version: 1) route +0ms
[Nest] 2026-03-25T14:01:28.611Z [32minfo[39m [RouterExplorer] Mapped {/api/payroll/statements, GET} (version: 1) route +0ms
[Nest] 2026-03-25T14:01:28.612Z [32minfo[39m [RouterExplorer] Mapped {/api/payroll/statements/:id, GET} (version: 1) route +1ms
[Nest] 2026-03-25T14:01:28.612Z [32minfo[39m [RouterExplorer] Mapped {/api/payroll/statements/:id/pdf, GET} (version: 1) route +0ms
[Nest] 2026-03-25T14:01:28.612Z [32minfo[39m [RouterExplorer] Mapped {/api/payroll/shifts, POST} (version: 1) route +0ms
[Nest] 2026-03-25T14:01:28.613Z [32minfo[39m [RouterExplorer] Mapped {/api/payroll/workers, POST} (version: 1) route +1ms
[Nest] 2026-03-25T14:01:28.613Z [32minfo[39m [RouterExplorer] Mapped {/api/payroll/shifts/:id, PATCH} (version: 1) route +0ms
[Nest] 2026-03-25T14:01:28.613Z [32minfo[39m [RouterExplorer] Mapped {/api/payroll/workers/:id, PATCH} (version: 1) route +0ms
[Nest] 2026-03-25T14:01:28.614Z [32minfo[39m [RouterExplorer] Mapped {/api/payroll/shifts/:id, DELETE} (version: 1) route +1ms
[Nest] 2026-03-25T14:01:28.614Z [32minfo[39m [RouterExplorer] Mapped {/api/payroll/statements/consolidate, POST} (version: 1) route +0ms
[Nest] 2026-03-25T14:01:28.614Z [32minfo[39m [RouterExplorer] Mapped {/api/payroll/statements/:id/status, PATCH} (version: 1) route +0ms
[Nest] 2026-03-25T14:01:28.716Z [32minfo[39m [NestApplication] Nest application successfully started +102ms
[Nest] 2026-03-25T14:01:28.726Z [31merror[39m [NestApplication] Error: listen EADDRINUSE: address already in use 0.0.0.0:4004 +10ms
[2J[3J[H[[90m9:02:04 a. m.[0m] File change detected. Starting incremental compilation...

[[90m9:02:13 a. m.[0m] Found 0 errors. Watching for file changes.

[Nest] 2026-03-25T14:02:16.677Z [32minfo[39m [NestFactory] Starting Nest application... +0ms
[Nest] 2026-03-25T14:02:16.724Z [32minfo[39m [InstanceLoader] SentryModule dependencies initialized +46ms
[Nest] 2026-03-25T14:02:16.725Z [32minfo[39m [InstanceLoader] PrismaModule dependencies initialized +1ms
[Nest] 2026-03-25T14:02:16.725Z [32minfo[39m [InstanceLoader] CartModule dependencies initialized +0ms
[Nest] 2026-03-25T14:02:16.725Z [32minfo[39m [InstanceLoader] AdminModule dependencies initialized +0ms
[Nest] 2026-03-25T14:02:16.727Z [32minfo[39m [InstanceLoader] ConfigHostModule dependencies initialized +2ms
[Nest] 2026-03-25T14:02:16.727Z [32minfo[39m [InstanceLoader] ThrottlerModule dependencies initialized +0ms
[Nest] 2026-03-25T14:02:16.727Z [32minfo[39m [InstanceLoader] PrometheusModule dependencies initialized +0ms
[Nest] 2026-03-25T14:02:16.727Z [32minfo[39m [InstanceLoader] RolesModule dependencies initialized +0ms
[Nest] 2026-03-25T14:02:16.730Z [32minfo[39m [InstanceLoader] ConfigModule dependencies initialized +3ms
[Nest] 2026-03-25T14:02:16.730Z [32minfo[39m [InstanceLoader] ConfigModule dependencies initialized +0ms
[Nest] 2026-03-25T14:02:16.733Z [32minfo[39m [InstanceLoader] DashboardModule dependencies initialized +3ms
[Nest] 2026-03-25T14:02:16.733Z [32minfo[39m [InstanceLoader] PricingModule dependencies initialized +0ms
[Nest] 2026-03-25T14:02:16.733Z [32minfo[39m [InstanceLoader] AuthModule dependencies initialized +0ms
[Nest] 2026-03-25T14:02:16.733Z [32minfo[39m [InstanceLoader] LocationsModule dependencies initialized +0ms
[Nest] 2026-03-25T14:02:16.733Z [32minfo[39m [InstanceLoader] AuditModule dependencies initialized +0ms
[Nest] 2026-03-25T14:02:16.733Z [32minfo[39m [InstanceLoader] ConfigurationModule dependencies initialized +0ms
[Nest] 2026-03-25T14:02:16.733Z [32minfo[39m [InstanceLoader] PersonalizationsModule dependencies initialized +0ms
[Nest] 2026-03-25T14:02:16.733Z [32minfo[39m [InstanceLoader] WizardModule dependencies initialized +0ms
[Nest] 2026-03-25T14:02:16.733Z [32minfo[39m [InstanceLoader] UsersModule dependencies initialized +0ms
[Nest] 2026-03-25T14:02:16.734Z [32minfo[39m [InstanceLoader] StorageModule dependencies initialized +1ms
[Nest] 2026-03-25T14:02:16.734Z [32minfo[39m [InstanceLoader] InventoryModule dependencies initialized +0ms
[Nest] 2026-03-25T14:02:16.734Z [32minfo[39m [InstanceLoader] ProfilesModule dependencies initialized +0ms
[Nest] 2026-03-25T14:02:16.734Z [32minfo[39m [InstanceLoader] CollectionsModule dependencies initialized +0ms
[Nest] 2026-03-25T14:02:16.734Z [32minfo[39m [InstanceLoader] PqrsModule dependencies initialized +0ms
[Nest] 2026-03-25T14:02:16.734Z [32minfo[39m [InstanceLoader] AddressesModule dependencies initialized +0ms
[Nest] 2026-03-25T14:02:16.735Z [32minfo[39m [InstanceLoader] ShippingModule dependencies initialized +1ms
[Nest] 2026-03-25T14:02:16.735Z [32minfo[39m [InstanceLoader] OrdersModule dependencies initialized +0ms
[Nest] 2026-03-25T14:02:16.736Z [32minfo[39m [InstanceLoader] CacheModule dependencies initialized +1ms
[Nest] 2026-03-25T14:02:16.736Z [32minfo[39m [InstanceLoader] AppModule dependencies initialized +0ms
[Nest] 2026-03-25T14:02:16.736Z [32minfo[39m [InstanceLoader] CatalogModule dependencies initialized +0ms
[Nest] 2026-03-25T14:02:16.737Z [32minfo[39m [InstanceLoader] B2BModule dependencies initialized +1ms
[Nest] 2026-03-25T14:02:16.737Z [32minfo[39m [InstanceLoader] PayrollModule dependencies initialized +0ms
[Nest] 2026-03-25T14:02:16.737Z [32minfo[39m [InstanceLoader] PaymentsModule dependencies initialized +0ms
[Nest] 2026-03-25T14:02:16.746Z [33mwarn[39m [LegacyRouteConverter] Unsupported route path: "/api/*". In previous versions, the symbols ?, *, and + were used to denote optional or repeating path parameters. The latest version of "path-to-regexp" now requires the use of named parameters. For example, instead of using a route like /users/* to capture all routes starting with "/users", you should use /users/*path. For more details, refer to the migration guide. Attempting to auto-convert... +9ms
[Nest] 2026-03-25T14:02:16.748Z [32minfo[39m [RoutesResolver] AppController {/api} (version: 1): +2ms
[Nest] 2026-03-25T14:02:16.750Z [32minfo[39m [RouterExplorer] Mapped {/api, GET} (version: 1) route +2ms
[Nest] 2026-03-25T14:02:16.751Z [32minfo[39m [RouterExplorer] Mapped {/api/debug-sentry, GET} (version: 1) route +1ms
[Nest] 2026-03-25T14:02:16.751Z [32minfo[39m [RoutesResolver] PrometheusController {/api/metrics} (version: 1): +0ms
[Nest] 2026-03-25T14:02:16.751Z [32minfo[39m [RouterExplorer] Mapped {/api/metrics, GET} (version: 1) route +0ms
[Nest] 2026-03-25T14:02:16.751Z [32minfo[39m [RoutesResolver] DashboardController {/api/dashboard} (version: 1): +0ms
[Nest] 2026-03-25T14:02:16.752Z [32minfo[39m [RouterExplorer] Mapped {/api/dashboard/stats, GET} (version: 1) route +1ms
[Nest] 2026-03-25T14:02:16.752Z [32minfo[39m [RoutesResolver] B2bController {/api/b2b} (version: 1): +0ms
[Nest] 2026-03-25T14:02:16.752Z [32minfo[39m [RouterExplorer] Mapped {/api/b2b/quote, POST} (version: 1) route +0ms
[Nest] 2026-03-25T14:02:16.753Z [32minfo[39m [RouterExplorer] Mapped {/api/b2b/quotes, GET} (version: 1) route +1ms
[Nest] 2026-03-25T14:02:16.753Z [32minfo[39m [RouterExplorer] Mapped {/api/b2b/quotes/:id/approve, PATCH} (version: 1) route +0ms
[Nest] 2026-03-25T14:02:16.753Z [32minfo[39m [RoutesResolver] PricingController {/api/pricing} (version: 1): +0ms
[Nest] 2026-03-25T14:02:16.753Z [32minfo[39m [RouterExplorer] Mapped {/api/pricing/quote, POST} (version: 1) route +0ms
[Nest] 2026-03-25T14:02:16.754Z [32minfo[39m [RoutesResolver] AuthController {/api/auth} (version: 1): +1ms
[Nest] 2026-03-25T14:02:16.754Z [32minfo[39m [RouterExplorer] Mapped {/api/auth/register, POST} (version: 1) route +0ms
[Nest] 2026-03-25T14:02:16.755Z [32minfo[39m [RouterExplorer] Mapped {/api/auth/login, POST} (version: 1) route +1ms
[Nest] 2026-03-25T14:02:16.755Z [32minfo[39m [RouterExplorer] Mapped {/api/auth/forgot-password, POST} (version: 1) route +0ms
[Nest] 2026-03-25T14:02:16.755Z [32minfo[39m [RoutesResolver] OrdersController {/api/orders} (version: 1): +0ms
[Nest] 2026-03-25T14:02:16.755Z [32minfo[39m [RouterExplorer] Mapped {/api/orders, POST} (version: 1) route +0ms
[Nest] 2026-03-25T14:02:16.755Z [32minfo[39m [RouterExplorer] Mapped {/api/orders, GET} (version: 1) route +0ms
[Nest] 2026-03-25T14:02:16.756Z [32minfo[39m [RouterExplorer] Mapped {/api/orders/user/:userId, GET} (version: 1) route +1ms
[Nest] 2026-03-25T14:02:16.756Z [32minfo[39m [RouterExplorer] Mapped {/api/orders/:id, GET} (version: 1) route +0ms
[Nest] 2026-03-25T14:02:16.756Z [32minfo[39m [RouterExplorer] Mapped {/api/orders/:id, PATCH} (version: 1) route +0ms
[Nest] 2026-03-25T14:02:16.756Z [32minfo[39m [RouterExplorer] Mapped {/api/orders/:id/receipt, GET} (version: 1) route +0ms
[Nest] 2026-03-25T14:02:16.756Z [32minfo[39m [RoutesResolver] InventoryController {/api/inventory} (version: 1): +0ms
[Nest] 2026-03-25T14:02:16.757Z [32minfo[39m [RouterExplorer] Mapped {/api/inventory/detailed, GET} (version: 1) route +1ms
[Nest] 2026-03-25T14:02:16.757Z [32minfo[39m [RouterExplorer] Mapped {/api/inventory/movements, GET} (version: 1) route +0ms
[Nest] 2026-03-25T14:02:16.757Z [32minfo[39m [RouterExplorer] Mapped {/api/inventory/products/:productId/average-cost, GET} (version: 1) route +0ms
[Nest] 2026-03-25T14:02:16.757Z [32minfo[39m [RouterExplorer] Mapped {/api/inventory/batch, POST} (version: 1) route +0ms
[Nest] 2026-03-25T14:02:16.757Z [32minfo[39m [RouterExplorer] Mapped {/api/inventory/receive-batch, POST} (version: 1) route +0ms
[Nest] 2026-03-25T14:02:16.757Z [32minfo[39m [RouterExplorer] Mapped {/api/inventory/batches, POST} (version: 1) route +0ms
[Nest] 2026-03-25T14:02:16.758Z [32minfo[39m [RouterExplorer] Mapped {/api/inventory/batches, GET} (version: 1) route +1ms
[Nest] 2026-03-25T14:02:16.758Z [32minfo[39m [RouterExplorer] Mapped {/api/inventory/suppliers, GET} (version: 1) route +0ms
[Nest] 2026-03-25T14:02:16.758Z [32minfo[39m [RouterExplorer] Mapped {/api/inventory/suppliers, POST} (version: 1) route +0ms
[Nest] 2026-03-25T14:02:16.758Z [32minfo[39m [RouterExplorer] Mapped {/api/inventory/suppliers/:id, GET} (version: 1) route +0ms
[Nest] 2026-03-25T14:02:16.758Z [32minfo[39m [RouterExplorer] Mapped {/api/inventory/suppliers/:id/payments, POST} (version: 1) route +0ms
[Nest] 2026-03-25T14:02:16.759Z [32minfo[39m [RouterExplorer] Mapped {/api/inventory/finance/summary, GET} (version: 1) route +1ms
[Nest] 2026-03-25T14:02:16.759Z [32minfo[39m [RouterExplorer] Mapped {/api/inventory/finance/cash-flow, GET} (version: 1) route +0ms
[Nest] 2026-03-25T14:02:16.759Z [32minfo[39m [RouterExplorer] Mapped {/api/inventory/finance/opex-categories, GET} (version: 1) route +0ms
[Nest] 2026-03-25T14:02:16.759Z [32minfo[39m [RouterExplorer] Mapped {/api/inventory/finance/opex-categories, POST} (version: 1) route +0ms
[Nest] 2026-03-25T14:02:16.759Z [32minfo[39m [RouterExplorer] Mapped {/api/inventory/finance/opex-transactions, GET} (version: 1) route +0ms
[Nest] 2026-03-25T14:02:16.759Z [32minfo[39m [RouterExplorer] Mapped {/api/inventory/finance/opex, POST} (version: 1) route +0ms
[Nest] 2026-03-25T14:02:16.760Z [32minfo[39m [RoutesResolver] ReportingController {/api/inventory/reporting} (version: 1): +1ms
[Nest] 2026-03-25T14:02:16.760Z [32minfo[39m [RouterExplorer] Mapped {/api/inventory/reporting/closing, GET} (version: 1) route +0ms
[Nest] 2026-03-25T14:02:16.760Z [32minfo[39m [RouterExplorer] Mapped {/api/inventory/reporting/valuation, GET} (version: 1) route +0ms
[Nest] 2026-03-25T14:02:16.760Z [32minfo[39m [RouterExplorer] Mapped {/api/inventory/reporting/accounting, GET} (version: 1) route +0ms
[Nest] 2026-03-25T14:02:16.761Z [32minfo[39m [RouterExplorer] Mapped {/api/inventory/reporting/accounting/export/excel, GET} (version: 1) route +1ms
[Nest] 2026-03-25T14:02:16.761Z [32minfo[39m [RouterExplorer] Mapped {/api/inventory/reporting/accounting/export/pdf, GET} (version: 1) route +0ms
[Nest] 2026-03-25T14:02:16.761Z [32minfo[39m [RoutesResolver] FinanceController {/api/finance} (version: 1): +0ms
[Nest] 2026-03-25T14:02:16.761Z [32minfo[39m [RouterExplorer] Mapped {/api/finance/report-preview, GET} (version: 1) route +0ms
[Nest] 2026-03-25T14:02:16.762Z [32minfo[39m [RouterExplorer] Mapped {/api/finance/export-report, GET} (version: 1) route +1ms
[Nest] 2026-03-25T14:02:16.762Z [32minfo[39m [RoutesResolver] ShippingController {/api/shipping} (version: 1): +0ms
[Nest] 2026-03-25T14:02:16.762Z [32minfo[39m [RouterExplorer] Mapped {/api/shipping/providers, POST} (version: 1) route +0ms
[Nest] 2026-03-25T14:02:16.762Z [32minfo[39m [RouterExplorer] Mapped {/api/shipping/providers, GET} (version: 1) route +0ms
[Nest] 2026-03-25T14:02:16.762Z [32minfo[39m [RouterExplorer] Mapped {/api/shipping/providers/:id, GET} (version: 1) route +0ms
[Nest] 2026-03-25T14:02:16.762Z [32minfo[39m [RouterExplorer] Mapped {/api/shipping/providers/:id, PATCH} (version: 1) route +0ms
[Nest] 2026-03-25T14:02:16.763Z [32minfo[39m [RouterExplorer] Mapped {/api/shipping/providers/:id, DELETE} (version: 1) route +1ms
[Nest] 2026-03-25T14:02:16.763Z [32minfo[39m [RouterExplorer] Mapped {/api/shipping/shipments/pending, GET} (version: 1) route +0ms
[Nest] 2026-03-25T14:02:16.763Z [32minfo[39m [RouterExplorer] Mapped {/api/shipping/shipments, GET} (version: 1) route +0ms
[Nest] 2026-03-25T14:02:16.763Z [32minfo[39m [RouterExplorer] Mapped {/api/shipping/shipments/:orderId, PATCH} (version: 1) route +0ms
[Nest] 2026-03-25T14:02:16.763Z [32minfo[39m [RouterExplorer] Mapped {/api/shipping/shipments/:orderId/process-return, POST} (version: 1) route +0ms
[Nest] 2026-03-25T14:02:16.763Z [32minfo[39m [RouterExplorer] Mapped {/api/shipping/shipments/:orderId/label, GET} (version: 1) route +1ms
[Nest] 2026-03-25T14:02:16.764Z [32minfo[39m [RoutesResolver] ProfilesController {/api/profiles} (version: 1): +0ms
[Nest] 2026-03-25T14:02:16.764Z [32minfo[39m [RouterExplorer] Mapped {/api/profiles/me, GET} (version: 1) route +0ms
[Nest] 2026-03-25T14:02:16.764Z [32minfo[39m [RouterExplorer] Mapped {/api/profiles/me, PATCH} (version: 1) route +0ms
[Nest] 2026-03-25T14:02:16.764Z [32minfo[39m [RouterExplorer] Mapped {/api/profiles, GET} (version: 1) route +0ms
[Nest] 2026-03-25T14:02:16.764Z [32minfo[39m [RouterExplorer] Mapped {/api/profiles/:id, GET} (version: 1) route +0ms
[Nest] 2026-03-25T14:02:16.764Z [32minfo[39m [RoutesResolver] PaymentsController {/api/payments} (version: 1): +0ms
[Nest] 2026-03-25T14:02:16.764Z [32minfo[39m [RouterExplorer] Mapped {/api/payments/signature/:orderId, GET} (version: 1) route +0ms
[Nest] 2026-03-25T14:02:16.765Z [32minfo[39m [RouterExplorer] Mapped {/api/payments/wompi/signature/:orderId, GET} (version: 1) route +1ms
[Nest] 2026-03-25T14:02:16.765Z [32minfo[39m [RouterExplorer] Mapped {/api/payments/webhook/wompi, POST} (version: 1) route +0ms
[Nest] 2026-03-25T14:02:16.765Z [32minfo[39m [RouterExplorer] Mapped {/api/payments/wompi/webhook, POST} (version: 1) route +0ms
[Nest] 2026-03-25T14:02:16.765Z [32minfo[39m [RouterExplorer] Mapped {/api/payments/upload-receipt/:entityType/:entityId, POST} (version: 1) route +0ms
[Nest] 2026-03-25T14:02:16.765Z [32minfo[39m [RoutesResolver] LocationsController {/api/locations} (version: 1): +0ms
[Nest] 2026-03-25T14:02:16.765Z [32minfo[39m [RouterExplorer] Mapped {/api/locations/departments, GET} (version: 1) route +0ms
[Nest] 2026-03-25T14:02:16.765Z [32minfo[39m [RouterExplorer] Mapped {/api/locations/municipalities/:departmentId, GET} (version: 1) route +0ms
[Nest] 2026-03-25T14:02:16.765Z [32minfo[39m [RoutesResolver] AddressesController {/api/addresses} (version: 1): +0ms
[Nest] 2026-03-25T14:02:16.766Z [32minfo[39m [RouterExplorer] Mapped {/api/addresses, POST} (version: 1) route +1ms
[Nest] 2026-03-25T14:02:16.766Z [32minfo[39m [RouterExplorer] Mapped {/api/addresses, GET} (version: 1) route +0ms
[Nest] 2026-03-25T14:02:16.766Z [32minfo[39m [RouterExplorer] Mapped {/api/addresses/:id, GET} (version: 1) route +0ms
[Nest] 2026-03-25T14:02:16.766Z [32minfo[39m [RouterExplorer] Mapped {/api/addresses/:id, PATCH} (version: 1) route +0ms
[Nest] 2026-03-25T14:02:16.766Z [32minfo[39m [RouterExplorer] Mapped {/api/addresses/:id, DELETE} (version: 1) route +0ms
[Nest] 2026-03-25T14:02:16.766Z [32minfo[39m [RoutesResolver] AuditController {/api/audit} (version: 1): +0ms
[Nest] 2026-03-25T14:02:16.766Z [32minfo[39m [RouterExplorer] Mapped {/api/audit, GET} (version: 1) route +0ms
[Nest] 2026-03-25T14:02:16.767Z [32minfo[39m [RouterExplorer] Mapped {/api/audit/:id, GET} (version: 1) route +1ms
[Nest] 2026-03-25T14:02:16.767Z [32minfo[39m [RoutesResolver] ConfigurationController {/api/configuration} (version: 1): +0ms
[Nest] 2026-03-25T14:02:16.767Z [32minfo[39m [RouterExplorer] Mapped {/api/configuration/products/:slug, GET} (version: 1) route +0ms
[Nest] 2026-03-25T14:02:16.767Z [32minfo[39m [RouterExplorer] Mapped {/api/configuration/options/:productId, GET} (version: 1) route +0ms
[Nest] 2026-03-25T14:02:16.767Z [32minfo[39m [RoutesResolver] CatalogController {/api/catalog} (version: 1): +0ms
[Nest] 2026-03-25T14:02:16.767Z [32minfo[39m [RouterExplorer] Mapped {/api/catalog, POST} (version: 1) route +0ms
[Nest] 2026-03-25T14:02:16.767Z [32minfo[39m [RouterExplorer] Mapped {/api/catalog/products, GET} (version: 1) route +0ms
[Nest] 2026-03-25T14:02:16.768Z [32minfo[39m [RouterExplorer] Mapped {/api/catalog/search, GET} (version: 1) route +1ms
[Nest] 2026-03-25T14:02:16.768Z [32minfo[39m [RouterExplorer] Mapped {/api/catalog/slug/:slug, GET} (version: 1) route +0ms
[Nest] 2026-03-25T14:02:16.768Z [32minfo[39m [RouterExplorer] Mapped {/api/catalog/products/:slug/config, GET} (version: 1) route +0ms
[Nest] 2026-03-25T14:02:16.768Z [32minfo[39m [RouterExplorer] Mapped {/api/catalog/:id, GET} (version: 1) route +0ms
[Nest] 2026-03-25T14:02:16.768Z [32minfo[39m [RouterExplorer] Mapped {/api/catalog/:id, PATCH} (version: 1) route +0ms
[Nest] 2026-03-25T14:02:16.768Z [32minfo[39m [RouterExplorer] Mapped {/api/catalog/:id, DELETE} (version: 1) route +0ms
[Nest] 2026-03-25T14:02:16.768Z [32minfo[39m [RoutesResolver] PersonalizationsController {/api/personalizations} (version: 1): +1ms
[Nest] 2026-03-25T14:02:16.769Z [32minfo[39m [RouterExplorer] Mapped {/api/personalizations, GET} (version: 1) route +0ms
[Nest] 2026-03-25T14:02:16.769Z [32minfo[39m [RouterExplorer] Mapped {/api/personalizations, POST} (version: 1) route +0ms
[Nest] 2026-03-25T14:02:16.769Z [32minfo[39m [RouterExplorer] Mapped {/api/personalizations/:id, PUT} (version: 1) route +0ms
[Nest] 2026-03-25T14:02:16.769Z [32minfo[39m [RouterExplorer] Mapped {/api/personalizations/:id, DELETE} (version: 1) route +0ms
[Nest] 2026-03-25T14:02:16.769Z [32minfo[39m [RoutesResolver] CollectionsController {/api/collections} (version: 1): +0ms
[Nest] 2026-03-25T14:02:16.769Z [32minfo[39m [RouterExplorer] Mapped {/api/collections, GET} (version: 1) route +0ms
[Nest] 2026-03-25T14:02:16.770Z [32minfo[39m [RouterExplorer] Mapped {/api/collections, POST} (version: 1) route +1ms
[Nest] 2026-03-25T14:02:16.770Z [32minfo[39m [RouterExplorer] Mapped {/api/collections/:id, PATCH} (version: 1) route +0ms
[Nest] 2026-03-25T14:02:16.770Z [32minfo[39m [RouterExplorer] Mapped {/api/collections/:id, DELETE} (version: 1) route +0ms
[Nest] 2026-03-25T14:02:16.770Z [32minfo[39m [RoutesResolver] WizardController {/api/wizard-options} (version: 1): +0ms
[Nest] 2026-03-25T14:02:16.770Z [32minfo[39m [RouterExplorer] Mapped {/api/wizard-options, GET} (version: 1) route +0ms
[Nest] 2026-03-25T14:02:16.770Z [32minfo[39m [RouterExplorer] Mapped {/api/wizard-options/grouped, GET} (version: 1) route +0ms
[Nest] 2026-03-25T14:02:16.770Z [32minfo[39m [RouterExplorer] Mapped {/api/wizard-options/:id, GET} (version: 1) route +0ms
[Nest] 2026-03-25T14:02:16.771Z [32minfo[39m [RouterExplorer] Mapped {/api/wizard-options, POST} (version: 1) route +1ms
[Nest] 2026-03-25T14:02:16.771Z [32minfo[39m [RouterExplorer] Mapped {/api/wizard-options/:id, PATCH} (version: 1) route +0ms
[Nest] 2026-03-25T14:02:16.771Z [32minfo[39m [RouterExplorer] Mapped {/api/wizard-options/:id, DELETE} (version: 1) route +0ms
[Nest] 2026-03-25T14:02:16.771Z [32minfo[39m [RoutesResolver] UsersController {/api/users} (version: 1): +0ms
[Nest] 2026-03-25T14:02:16.771Z [32minfo[39m [RouterExplorer] Mapped {/api/users, GET} (version: 1) route +0ms
[Nest] 2026-03-25T14:02:16.771Z [32minfo[39m [RouterExplorer] Mapped {/api/users/:id/role, PATCH} (version: 1) route +0ms
[Nest] 2026-03-25T14:02:16.772Z [32minfo[39m [RoutesResolver] PqrsController {/api/pqrs} (version: 1): +1ms
[Nest] 2026-03-25T14:02:16.772Z [32minfo[39m [RouterExplorer] Mapped {/api/pqrs, POST} (version: 1) route +0ms
[Nest] 2026-03-25T14:02:16.772Z [32minfo[39m [RouterExplorer] Mapped {/api/pqrs, GET} (version: 1) route +0ms
[Nest] 2026-03-25T14:02:16.772Z [32minfo[39m [RouterExplorer] Mapped {/api/pqrs/:id, PATCH} (version: 1) route +0ms
[Nest] 2026-03-25T14:02:16.772Z [32minfo[39m [RoutesResolver] PayrollController {/api/payroll} (version: 1): +0ms
[Nest] 2026-03-25T14:02:16.772Z [32minfo[39m [RouterExplorer] Mapped {/api/payroll/shifts, GET} (version: 1) route +0ms
[Nest] 2026-03-25T14:02:16.772Z [32minfo[39m [RouterExplorer] Mapped {/api/payroll/workers, GET} (version: 1) route +0ms
[Nest] 2026-03-25T14:02:16.773Z [32minfo[39m [RouterExplorer] Mapped {/api/payroll/workers/:id/history, GET} (version: 1) route +1ms
[Nest] 2026-03-25T14:02:16.773Z [32minfo[39m [RouterExplorer] Mapped {/api/payroll/statements, GET} (version: 1) route +0ms
[Nest] 2026-03-25T14:02:16.773Z [32minfo[39m [RouterExplorer] Mapped {/api/payroll/statements/:id, GET} (version: 1) route +0ms
[Nest] 2026-03-25T14:02:16.773Z [32minfo[39m [RouterExplorer] Mapped {/api/payroll/statements/:id/pdf, GET} (version: 1) route +0ms
[Nest] 2026-03-25T14:02:16.773Z [32minfo[39m [RouterExplorer] Mapped {/api/payroll/shifts, POST} (version: 1) route +0ms
[Nest] 2026-03-25T14:02:16.774Z [32minfo[39m [RouterExplorer] Mapped {/api/payroll/workers, POST} (version: 1) route +1ms
[Nest] 2026-03-25T14:02:16.774Z [32minfo[39m [RouterExplorer] Mapped {/api/payroll/shifts/:id, PATCH} (version: 1) route +0ms
[Nest] 2026-03-25T14:02:16.774Z [32minfo[39m [RouterExplorer] Mapped {/api/payroll/workers/:id, PATCH} (version: 1) route +0ms
[Nest] 2026-03-25T14:02:16.774Z [32minfo[39m [RouterExplorer] Mapped {/api/payroll/shifts/:id, DELETE} (version: 1) route +0ms
[Nest] 2026-03-25T14:02:16.774Z [32minfo[39m [RouterExplorer] Mapped {/api/payroll/statements/consolidate, POST} (version: 1) route +0ms
[Nest] 2026-03-25T14:02:16.775Z [32minfo[39m [RouterExplorer] Mapped {/api/payroll/statements/:id/status, PATCH} (version: 1) route +1ms
[Nest] 2026-03-25T14:02:16.856Z [32minfo[39m [NestApplication] Nest application successfully started +81ms
[Nest] 2026-03-25T14:02:16.863Z [31merror[39m [NestApplication] Error: listen EADDRINUSE: address already in use 0.0.0.0:4004 +7ms
[2J[3J[H[[90m9:03:08 a. m.[0m] File change detected. Starting incremental compilation...

[[90m9:03:09 a. m.[0m] Found 0 errors. Watching for file changes.

[2J[3J[H[[90m9:15:28 a. m.[0m] File change detected. Starting incremental compilation...

[[90m9:15:29 a. m.[0m] Found 0 errors. Watching for file changes.

[2J[3J[H[[90m9:15:31 a. m.[0m] File change detected. Starting incremental compilation...

[[90m9:15:33 a. m.[0m] Found 0 errors. Watching for file changes.

[2J[3J[H[[90m9:15:34 a. m.[0m] File change detected. Starting incremental compilation...

[[90m9:15:35 a. m.[0m] Found 0 errors. Watching for file changes.

[2J[3J[H[[90m9:15:35 a. m.[0m] File change detected. Starting incremental compilation...

[[90m9:15:36 a. m.[0m] Found 0 errors. Watching for file changes.

[Nest] 2026-03-25T14:15:39.868Z [32minfo[39m [NestFactory] Starting Nest application... +0ms
[Nest] 2026-03-25T14:15:39.919Z [32minfo[39m [InstanceLoader] SentryModule dependencies initialized +51ms
[Nest] 2026-03-25T14:15:39.919Z [32minfo[39m [InstanceLoader] PrismaModule dependencies initialized +0ms
[Nest] 2026-03-25T14:15:39.919Z [32minfo[39m [InstanceLoader] CartModule dependencies initialized +0ms
[Nest] 2026-03-25T14:15:39.919Z [32minfo[39m [InstanceLoader] AdminModule dependencies initialized +0ms
[Nest] 2026-03-25T14:15:39.921Z [32minfo[39m [InstanceLoader] ConfigHostModule dependencies initialized +2ms
[Nest] 2026-03-25T14:15:39.921Z [32minfo[39m [InstanceLoader] ThrottlerModule dependencies initialized +0ms
[Nest] 2026-03-25T14:15:39.922Z [32minfo[39m [InstanceLoader] PrometheusModule dependencies initialized +1ms
[Nest] 2026-03-25T14:15:39.922Z [32minfo[39m [InstanceLoader] RolesModule dependencies initialized +0ms
[Nest] 2026-03-25T14:15:39.925Z [32minfo[39m [InstanceLoader] ConfigModule dependencies initialized +3ms
[Nest] 2026-03-25T14:15:39.925Z [32minfo[39m [InstanceLoader] ConfigModule dependencies initialized +0ms
[Nest] 2026-03-25T14:15:39.928Z [32minfo[39m [InstanceLoader] DashboardModule dependencies initialized +3ms
[Nest] 2026-03-25T14:15:39.928Z [32minfo[39m [InstanceLoader] PricingModule dependencies initialized +1ms
[Nest] 2026-03-25T14:15:39.929Z [32minfo[39m [InstanceLoader] AuthModule dependencies initialized +0ms
[Nest] 2026-03-25T14:15:39.929Z [32minfo[39m [InstanceLoader] LocationsModule dependencies initialized +0ms
[Nest] 2026-03-25T14:15:39.929Z [32minfo[39m [InstanceLoader] AuditModule dependencies initialized +0ms
[Nest] 2026-03-25T14:15:39.929Z [32minfo[39m [InstanceLoader] ConfigurationModule dependencies initialized +0ms
[Nest] 2026-03-25T14:15:39.929Z [32minfo[39m [InstanceLoader] PersonalizationsModule dependencies initialized +0ms
[Nest] 2026-03-25T14:15:39.929Z [32minfo[39m [InstanceLoader] WizardModule dependencies initialized +0ms
[Nest] 2026-03-25T14:15:39.929Z [32minfo[39m [InstanceLoader] UsersModule dependencies initialized +0ms
[Nest] 2026-03-25T14:15:39.929Z [32minfo[39m [InstanceLoader] StorageModule dependencies initialized +0ms
[Nest] 2026-03-25T14:15:39.930Z [32minfo[39m [InstanceLoader] InventoryModule dependencies initialized +1ms
[Nest] 2026-03-25T14:15:39.930Z [32minfo[39m [InstanceLoader] ProfilesModule dependencies initialized +0ms
[Nest] 2026-03-25T14:15:39.930Z [32minfo[39m [InstanceLoader] CollectionsModule dependencies initialized +0ms
[Nest] 2026-03-25T14:15:39.930Z [32minfo[39m [InstanceLoader] PqrsModule dependencies initialized +0ms
[Nest] 2026-03-25T14:15:39.930Z [32minfo[39m [InstanceLoader] AddressesModule dependencies initialized +0ms
[Nest] 2026-03-25T14:15:39.931Z [32minfo[39m [InstanceLoader] ShippingModule dependencies initialized +1ms
[Nest] 2026-03-25T14:15:39.931Z [32minfo[39m [InstanceLoader] OrdersModule dependencies initialized +1ms
[Nest] 2026-03-25T14:15:39.932Z [32minfo[39m [InstanceLoader] CacheModule dependencies initialized +0ms
[Nest] 2026-03-25T14:15:39.932Z [32minfo[39m [InstanceLoader] AppModule dependencies initialized +0ms
[Nest] 2026-03-25T14:15:39.932Z [32minfo[39m [InstanceLoader] CatalogModule dependencies initialized +0ms
[Nest] 2026-03-25T14:15:39.933Z [32minfo[39m [InstanceLoader] B2BModule dependencies initialized +1ms
[Nest] 2026-03-25T14:15:39.933Z [32minfo[39m [InstanceLoader] PayrollModule dependencies initialized +0ms
[Nest] 2026-03-25T14:15:39.933Z [32minfo[39m [InstanceLoader] PaymentsModule dependencies initialized +0ms
[Nest] 2026-03-25T14:15:39.944Z [33mwarn[39m [LegacyRouteConverter] Unsupported route path: "/api/*". In previous versions, the symbols ?, *, and + were used to denote optional or repeating path parameters. The latest version of "path-to-regexp" now requires the use of named parameters. For example, instead of using a route like /users/* to capture all routes starting with "/users", you should use /users/*path. For more details, refer to the migration guide. Attempting to auto-convert... +11ms
[Nest] 2026-03-25T14:15:39.946Z [32minfo[39m [RoutesResolver] AppController {/api} (version: 1): +2ms
[Nest] 2026-03-25T14:15:39.949Z [32minfo[39m [RouterExplorer] Mapped {/api, GET} (version: 1) route +3ms
[Nest] 2026-03-25T14:15:39.950Z [32minfo[39m [RouterExplorer] Mapped {/api/debug-sentry, GET} (version: 1) route +1ms
[Nest] 2026-03-25T14:15:39.950Z [32minfo[39m [RoutesResolver] PrometheusController {/api/metrics} (version: 1): +0ms
[Nest] 2026-03-25T14:15:39.951Z [32minfo[39m [RouterExplorer] Mapped {/api/metrics, GET} (version: 1) route +1ms
[Nest] 2026-03-25T14:15:39.951Z [32minfo[39m [RoutesResolver] DashboardController {/api/dashboard} (version: 1): +0ms
[Nest] 2026-03-25T14:15:39.951Z [32minfo[39m [RouterExplorer] Mapped {/api/dashboard/stats, GET} (version: 1) route +0ms
[Nest] 2026-03-25T14:15:39.951Z [32minfo[39m [RoutesResolver] B2bController {/api/b2b} (version: 1): +0ms
[Nest] 2026-03-25T14:15:39.952Z [32minfo[39m [RouterExplorer] Mapped {/api/b2b/quote, POST} (version: 1) route +1ms
[Nest] 2026-03-25T14:15:39.952Z [32minfo[39m [RouterExplorer] Mapped {/api/b2b/quotes, GET} (version: 1) route +0ms
[Nest] 2026-03-25T14:15:39.953Z [32minfo[39m [RouterExplorer] Mapped {/api/b2b/quotes/:id/approve, PATCH} (version: 1) route +1ms
[Nest] 2026-03-25T14:15:39.953Z [32minfo[39m [RoutesResolver] PricingController {/api/pricing} (version: 1): +0ms
[Nest] 2026-03-25T14:15:39.953Z [32minfo[39m [RouterExplorer] Mapped {/api/pricing/quote, POST} (version: 1) route +0ms
[Nest] 2026-03-25T14:15:39.954Z [32minfo[39m [RoutesResolver] AuthController {/api/auth} (version: 1): +1ms
[Nest] 2026-03-25T14:15:39.954Z [32minfo[39m [RouterExplorer] Mapped {/api/auth/register, POST} (version: 1) route +0ms
[Nest] 2026-03-25T14:15:39.955Z [32minfo[39m [RouterExplorer] Mapped {/api/auth/login, POST} (version: 1) route +1ms
[Nest] 2026-03-25T14:15:39.955Z [32minfo[39m [RouterExplorer] Mapped {/api/auth/forgot-password, POST} (version: 1) route +0ms
[Nest] 2026-03-25T14:15:39.955Z [32minfo[39m [RoutesResolver] OrdersController {/api/orders} (version: 1): +0ms
[Nest] 2026-03-25T14:15:39.955Z [32minfo[39m [RouterExplorer] Mapped {/api/orders, POST} (version: 1) route +0ms
[Nest] 2026-03-25T14:15:39.956Z [32minfo[39m [RouterExplorer] Mapped {/api/orders, GET} (version: 1) route +1ms
[Nest] 2026-03-25T14:15:39.956Z [32minfo[39m [RouterExplorer] Mapped {/api/orders/user/:userId, GET} (version: 1) route +0ms
[Nest] 2026-03-25T14:15:39.957Z [32minfo[39m [RouterExplorer] Mapped {/api/orders/:id, GET} (version: 1) route +1ms
[Nest] 2026-03-25T14:15:39.957Z [32minfo[39m [RouterExplorer] Mapped {/api/orders/:id, PATCH} (version: 1) route +0ms
[Nest] 2026-03-25T14:15:39.957Z [32minfo[39m [RouterExplorer] Mapped {/api/orders/:id/receipt, GET} (version: 1) route +0ms
[Nest] 2026-03-25T14:15:39.957Z [32minfo[39m [RoutesResolver] InventoryController {/api/inventory} (version: 1): +0ms
[Nest] 2026-03-25T14:15:39.958Z [32minfo[39m [RouterExplorer] Mapped {/api/inventory/detailed, GET} (version: 1) route +1ms
[Nest] 2026-03-25T14:15:39.958Z [32minfo[39m [RouterExplorer] Mapped {/api/inventory/movements, GET} (version: 1) route +0ms
[Nest] 2026-03-25T14:15:39.959Z [32minfo[39m [RouterExplorer] Mapped {/api/inventory/products/:productId/average-cost, GET} (version: 1) route +1ms
[Nest] 2026-03-25T14:15:39.959Z [32minfo[39m [RouterExplorer] Mapped {/api/inventory/batch, POST} (version: 1) route +0ms
[Nest] 2026-03-25T14:15:39.959Z [32minfo[39m [RouterExplorer] Mapped {/api/inventory/receive-batch, POST} (version: 1) route +0ms
[Nest] 2026-03-25T14:15:39.960Z [32minfo[39m [RouterExplorer] Mapped {/api/inventory/batches, POST} (version: 1) route +1ms
[Nest] 2026-03-25T14:15:39.960Z [32minfo[39m [RouterExplorer] Mapped {/api/inventory/batches, GET} (version: 1) route +0ms
[Nest] 2026-03-25T14:15:39.960Z [32minfo[39m [RouterExplorer] Mapped {/api/inventory/suppliers, GET} (version: 1) route +0ms
[Nest] 2026-03-25T14:15:39.960Z [32minfo[39m [RouterExplorer] Mapped {/api/inventory/suppliers, POST} (version: 1) route +0ms
[Nest] 2026-03-25T14:15:39.961Z [32minfo[39m [RouterExplorer] Mapped {/api/inventory/suppliers/:id, GET} (version: 1) route +1ms
[Nest] 2026-03-25T14:15:39.961Z [32minfo[39m [RouterExplorer] Mapped {/api/inventory/suppliers/:id/payments, POST} (version: 1) route +0ms
[Nest] 2026-03-25T14:15:39.961Z [32minfo[39m [RouterExplorer] Mapped {/api/inventory/finance/summary, GET} (version: 1) route +0ms
[Nest] 2026-03-25T14:15:39.961Z [32minfo[39m [RouterExplorer] Mapped {/api/inventory/finance/cash-flow, GET} (version: 1) route +0ms
[Nest] 2026-03-25T14:15:39.962Z [32minfo[39m [RouterExplorer] Mapped {/api/inventory/finance/opex-categories, GET} (version: 1) route +1ms
[Nest] 2026-03-25T14:15:39.962Z [32minfo[39m [RouterExplorer] Mapped {/api/inventory/finance/opex-categories, POST} (version: 1) route +0ms
[Nest] 2026-03-25T14:15:39.962Z [32minfo[39m [RouterExplorer] Mapped {/api/inventory/finance/opex-transactions, GET} (version: 1) route +0ms
[Nest] 2026-03-25T14:15:39.962Z [32minfo[39m [RouterExplorer] Mapped {/api/inventory/finance/opex, POST} (version: 1) route +0ms
[Nest] 2026-03-25T14:15:39.962Z [32minfo[39m [RoutesResolver] ReportingController {/api/inventory/reporting} (version: 1): +0ms
[Nest] 2026-03-25T14:15:39.962Z [32minfo[39m [RouterExplorer] Mapped {/api/inventory/reporting/closing, GET} (version: 1) route +0ms
[Nest] 2026-03-25T14:15:39.963Z [32minfo[39m [RouterExplorer] Mapped {/api/inventory/reporting/valuation, GET} (version: 1) route +1ms
[Nest] 2026-03-25T14:15:39.963Z [32minfo[39m [RouterExplorer] Mapped {/api/inventory/reporting/accounting, GET} (version: 1) route +0ms
[Nest] 2026-03-25T14:15:39.963Z [32minfo[39m [RouterExplorer] Mapped {/api/inventory/reporting/accounting/export/excel, GET} (version: 1) route +0ms
[Nest] 2026-03-25T14:15:39.963Z [32minfo[39m [RouterExplorer] Mapped {/api/inventory/reporting/accounting/export/pdf, GET} (version: 1) route +0ms
[Nest] 2026-03-25T14:15:39.963Z [32minfo[39m [RoutesResolver] FinanceController {/api/finance} (version: 1): +0ms
[Nest] 2026-03-25T14:15:39.964Z [32minfo[39m [RouterExplorer] Mapped {/api/finance/report-preview, GET} (version: 1) route +1ms
[Nest] 2026-03-25T14:15:39.964Z [32minfo[39m [RouterExplorer] Mapped {/api/finance/export-report, GET} (version: 1) route +0ms
[Nest] 2026-03-25T14:15:39.964Z [32minfo[39m [RoutesResolver] ShippingController {/api/shipping} (version: 1): +0ms
[Nest] 2026-03-25T14:15:39.964Z [32minfo[39m [RouterExplorer] Mapped {/api/shipping/providers, POST} (version: 1) route +0ms
[Nest] 2026-03-25T14:15:39.964Z [32minfo[39m [RouterExplorer] Mapped {/api/shipping/providers, GET} (version: 1) route +0ms
[Nest] 2026-03-25T14:15:39.965Z [32minfo[39m [RouterExplorer] Mapped {/api/shipping/providers/:id, GET} (version: 1) route +1ms
[Nest] 2026-03-25T14:15:39.965Z [32minfo[39m [RouterExplorer] Mapped {/api/shipping/providers/:id, PATCH} (version: 1) route +0ms
[Nest] 2026-03-25T14:15:39.965Z [32minfo[39m [RouterExplorer] Mapped {/api/shipping/providers/:id, DELETE} (version: 1) route +0ms
[Nest] 2026-03-25T14:15:39.965Z [32minfo[39m [RouterExplorer] Mapped {/api/shipping/shipments/pending, GET} (version: 1) route +0ms
[Nest] 2026-03-25T14:15:39.965Z [32minfo[39m [RouterExplorer] Mapped {/api/shipping/shipments, GET} (version: 1) route +0ms
[Nest] 2026-03-25T14:15:39.966Z [32minfo[39m [RouterExplorer] Mapped {/api/shipping/shipments/:orderId, PATCH} (version: 1) route +1ms
[Nest] 2026-03-25T14:15:39.966Z [32minfo[39m [RouterExplorer] Mapped {/api/shipping/shipments/:orderId/process-return, POST} (version: 1) route +0ms
[Nest] 2026-03-25T14:15:39.966Z [32minfo[39m [RouterExplorer] Mapped {/api/shipping/shipments/:orderId/label, GET} (version: 1) route +0ms
[Nest] 2026-03-25T14:15:39.966Z [32minfo[39m [RoutesResolver] ProfilesController {/api/profiles} (version: 1): +0ms
[Nest] 2026-03-25T14:15:39.966Z [32minfo[39m [RouterExplorer] Mapped {/api/profiles/me, GET} (version: 1) route +0ms
[Nest] 2026-03-25T14:15:39.966Z [32minfo[39m [RouterExplorer] Mapped {/api/profiles/me, PATCH} (version: 1) route +0ms
[Nest] 2026-03-25T14:15:39.967Z [32minfo[39m [RouterExplorer] Mapped {/api/profiles, GET} (version: 1) route +1ms
[Nest] 2026-03-25T14:15:39.967Z [32minfo[39m [RouterExplorer] Mapped {/api/profiles/:id, GET} (version: 1) route +0ms
[Nest] 2026-03-25T14:15:39.967Z [32minfo[39m [RoutesResolver] PaymentsController {/api/payments} (version: 1): +0ms
[Nest] 2026-03-25T14:15:39.968Z [32minfo[39m [RouterExplorer] Mapped {/api/payments/signature/:orderId, GET} (version: 1) route +1ms
[Nest] 2026-03-25T14:15:39.968Z [32minfo[39m [RouterExplorer] Mapped {/api/payments/wompi/signature/:orderId, GET} (version: 1) route +0ms
[Nest] 2026-03-25T14:15:39.968Z [32minfo[39m [RouterExplorer] Mapped {/api/payments/webhook/wompi, POST} (version: 1) route +0ms
[Nest] 2026-03-25T14:15:39.968Z [32minfo[39m [RouterExplorer] Mapped {/api/payments/wompi/webhook, POST} (version: 1) route +0ms
[Nest] 2026-03-25T14:15:39.968Z [32minfo[39m [RouterExplorer] Mapped {/api/payments/upload-receipt/:entityType/:entityId, POST} (version: 1) route +0ms
[Nest] 2026-03-25T14:15:39.968Z [32minfo[39m [RoutesResolver] LocationsController {/api/locations} (version: 1): +0ms
[Nest] 2026-03-25T14:15:39.969Z [32minfo[39m [RouterExplorer] Mapped {/api/locations/departments, GET} (version: 1) route +1ms
[Nest] 2026-03-25T14:15:39.969Z [32minfo[39m [RouterExplorer] Mapped {/api/locations/municipalities/:departmentId, GET} (version: 1) route +0ms
[Nest] 2026-03-25T14:15:39.969Z [32minfo[39m [RoutesResolver] AddressesController {/api/addresses} (version: 1): +0ms
[Nest] 2026-03-25T14:15:39.969Z [32minfo[39m [RouterExplorer] Mapped {/api/addresses, POST} (version: 1) route +0ms
[Nest] 2026-03-25T14:15:39.969Z [32minfo[39m [RouterExplorer] Mapped {/api/addresses, GET} (version: 1) route +0ms
[Nest] 2026-03-25T14:15:39.969Z [32minfo[39m [RouterExplorer] Mapped {/api/addresses/:id, GET} (version: 1) route +0ms
[Nest] 2026-03-25T14:15:39.970Z [32minfo[39m [RouterExplorer] Mapped {/api/addresses/:id, PATCH} (version: 1) route +1ms
[Nest] 2026-03-25T14:15:39.970Z [32minfo[39m [RouterExplorer] Mapped {/api/addresses/:id, DELETE} (version: 1) route +0ms
[Nest] 2026-03-25T14:15:39.970Z [32minfo[39m [RoutesResolver] AuditController {/api/audit} (version: 1): +0ms
[Nest] 2026-03-25T14:15:39.970Z [32minfo[39m [RouterExplorer] Mapped {/api/audit, GET} (version: 1) route +0ms
[Nest] 2026-03-25T14:15:39.970Z [32minfo[39m [RouterExplorer] Mapped {/api/audit/:id, GET} (version: 1) route +0ms
[Nest] 2026-03-25T14:15:39.970Z [32minfo[39m [RoutesResolver] ConfigurationController {/api/configuration} (version: 1): +0ms
[Nest] 2026-03-25T14:15:39.970Z [32minfo[39m [RouterExplorer] Mapped {/api/configuration/products/:slug, GET} (version: 1) route +0ms
[Nest] 2026-03-25T14:15:39.971Z [32minfo[39m [RouterExplorer] Mapped {/api/configuration/options/:productId, GET} (version: 1) route +1ms
[Nest] 2026-03-25T14:15:39.971Z [32minfo[39m [RoutesResolver] CatalogController {/api/catalog} (version: 1): +0ms
[Nest] 2026-03-25T14:15:39.971Z [32minfo[39m [RouterExplorer] Mapped {/api/catalog, POST} (version: 1) route +0ms
[Nest] 2026-03-25T14:15:39.971Z [32minfo[39m [RouterExplorer] Mapped {/api/catalog/products, GET} (version: 1) route +0ms
[Nest] 2026-03-25T14:15:39.971Z [32minfo[39m [RouterExplorer] Mapped {/api/catalog/search, GET} (version: 1) route +0ms
[Nest] 2026-03-25T14:15:39.972Z [32minfo[39m [RouterExplorer] Mapped {/api/catalog/slug/:slug, GET} (version: 1) route +1ms
[Nest] 2026-03-25T14:15:39.972Z [32minfo[39m [RouterExplorer] Mapped {/api/catalog/products/:slug/config, GET} (version: 1) route +0ms
[Nest] 2026-03-25T14:15:39.972Z [32minfo[39m [RouterExplorer] Mapped {/api/catalog/:id, GET} (version: 1) route +0ms
[Nest] 2026-03-25T14:15:39.972Z [32minfo[39m [RouterExplorer] Mapped {/api/catalog/:id, PATCH} (version: 1) route +0ms
[Nest] 2026-03-25T14:15:39.973Z [32minfo[39m [RouterExplorer] Mapped {/api/catalog/:id, DELETE} (version: 1) route +1ms
[Nest] 2026-03-25T14:15:39.973Z [32minfo[39m [RoutesResolver] PersonalizationsController {/api/personalizations} (version: 1): +0ms
[Nest] 2026-03-25T14:15:39.973Z [32minfo[39m [RouterExplorer] Mapped {/api/personalizations, GET} (version: 1) route +0ms
[Nest] 2026-03-25T14:15:39.973Z [32minfo[39m [RouterExplorer] Mapped {/api/personalizations, POST} (version: 1) route +0ms
[Nest] 2026-03-25T14:15:39.973Z [32minfo[39m [RouterExplorer] Mapped {/api/personalizations/:id, PUT} (version: 1) route +0ms
[Nest] 2026-03-25T14:15:39.974Z [32minfo[39m [RouterExplorer] Mapped {/api/personalizations/:id, DELETE} (version: 1) route +1ms
[Nest] 2026-03-25T14:15:39.974Z [32minfo[39m [RoutesResolver] CollectionsController {/api/collections} (version: 1): +0ms
[Nest] 2026-03-25T14:15:39.974Z [32minfo[39m [RouterExplorer] Mapped {/api/collections, GET} (version: 1) route +0ms
[Nest] 2026-03-25T14:15:39.974Z [32minfo[39m [RouterExplorer] Mapped {/api/collections, POST} (version: 1) route +0ms
[Nest] 2026-03-25T14:15:39.974Z [32minfo[39m [RouterExplorer] Mapped {/api/collections/:id, PATCH} (version: 1) route +0ms
[Nest] 2026-03-25T14:15:39.974Z [32minfo[39m [RouterExplorer] Mapped {/api/collections/:id, DELETE} (version: 1) route +0ms
[Nest] 2026-03-25T14:15:39.974Z [32minfo[39m [RoutesResolver] WizardController {/api/wizard-options} (version: 1): +0ms
[Nest] 2026-03-25T14:15:39.975Z [32minfo[39m [RouterExplorer] Mapped {/api/wizard-options, GET} (version: 1) route +1ms
[Nest] 2026-03-25T14:15:39.975Z [32minfo[39m [RouterExplorer] Mapped {/api/wizard-options/grouped, GET} (version: 1) route +0ms
[Nest] 2026-03-25T14:15:39.975Z [32minfo[39m [RouterExplorer] Mapped {/api/wizard-options/:id, GET} (version: 1) route +0ms
[Nest] 2026-03-25T14:15:39.975Z [32minfo[39m [RouterExplorer] Mapped {/api/wizard-options, POST} (version: 1) route +0ms
[Nest] 2026-03-25T14:15:39.975Z [32minfo[39m [RouterExplorer] Mapped {/api/wizard-options/:id, PATCH} (version: 1) route +0ms
[Nest] 2026-03-25T14:15:39.975Z [32minfo[39m [RouterExplorer] Mapped {/api/wizard-options/:id, DELETE} (version: 1) route +0ms
[Nest] 2026-03-25T14:15:39.975Z [32minfo[39m [RoutesResolver] UsersController {/api/users} (version: 1): +0ms
[Nest] 2026-03-25T14:15:39.976Z [32minfo[39m [RouterExplorer] Mapped {/api/users, GET} (version: 1) route +1ms
[Nest] 2026-03-25T14:15:39.976Z [32minfo[39m [RouterExplorer] Mapped {/api/users/:id/role, PATCH} (version: 1) route +0ms
[Nest] 2026-03-25T14:15:39.976Z [32minfo[39m [RoutesResolver] PqrsController {/api/pqrs} (version: 1): +0ms
[Nest] 2026-03-25T14:15:39.976Z [32minfo[39m [RouterExplorer] Mapped {/api/pqrs, POST} (version: 1) route +0ms
[Nest] 2026-03-25T14:15:39.976Z [32minfo[39m [RouterExplorer] Mapped {/api/pqrs, GET} (version: 1) route +0ms
[Nest] 2026-03-25T14:15:39.976Z [32minfo[39m [RouterExplorer] Mapped {/api/pqrs/:id, PATCH} (version: 1) route +0ms
[Nest] 2026-03-25T14:15:39.976Z [32minfo[39m [RoutesResolver] PayrollController {/api/payroll} (version: 1): +0ms
[Nest] 2026-03-25T14:15:39.977Z [32minfo[39m [RouterExplorer] Mapped {/api/payroll/shifts, GET} (version: 1) route +1ms
[Nest] 2026-03-25T14:15:39.977Z [32minfo[39m [RouterExplorer] Mapped {/api/payroll/workers, GET} (version: 1) route +0ms
[Nest] 2026-03-25T14:15:39.977Z [32minfo[39m [RouterExplorer] Mapped {/api/payroll/workers/:id/history, GET} (version: 1) route +0ms
[Nest] 2026-03-25T14:15:39.977Z [32minfo[39m [RouterExplorer] Mapped {/api/payroll/statements, GET} (version: 1) route +0ms
[Nest] 2026-03-25T14:15:39.978Z [32minfo[39m [RouterExplorer] Mapped {/api/payroll/statements/:id, GET} (version: 1) route +1ms
[Nest] 2026-03-25T14:15:39.978Z [32minfo[39m [RouterExplorer] Mapped {/api/payroll/statements/:id/pdf, GET} (version: 1) route +0ms
[Nest] 2026-03-25T14:15:39.978Z [32minfo[39m [RouterExplorer] Mapped {/api/payroll/shifts, POST} (version: 1) route +0ms
[Nest] 2026-03-25T14:15:39.978Z [32minfo[39m [RouterExplorer] Mapped {/api/payroll/workers, POST} (version: 1) route +0ms
[Nest] 2026-03-25T14:15:39.979Z [32minfo[39m [RouterExplorer] Mapped {/api/payroll/shifts/:id, PATCH} (version: 1) route +1ms
[Nest] 2026-03-25T14:15:39.979Z [32minfo[39m [RouterExplorer] Mapped {/api/payroll/workers/:id, PATCH} (version: 1) route +0ms
[Nest] 2026-03-25T14:15:39.979Z [32minfo[39m [RouterExplorer] Mapped {/api/payroll/shifts/:id, DELETE} (version: 1) route +0ms
[Nest] 2026-03-25T14:15:39.980Z [32minfo[39m [RouterExplorer] Mapped {/api/payroll/statements/consolidate, POST} (version: 1) route +1ms
[Nest] 2026-03-25T14:15:39.980Z [32minfo[39m [RouterExplorer] Mapped {/api/payroll/statements/:id/status, PATCH} (version: 1) route +0ms
[Nest] 2026-03-25T14:15:40.076Z [32minfo[39m [NestApplication] Nest application successfully started +96ms
[Nest] 2026-03-25T14:15:40.085Z [31merror[39m [NestApplication] Error: listen EADDRINUSE: address already in use 0.0.0.0:4004 +9ms
[2J[3J[H[[90m9:15:40 a. m.[0m] File change detected. Starting incremental compilation...

C:\Users\user\Desktop\deybis\tote-bag\apps\api:
 ERR_PNPM_RECURSIVE_RUN_FIRST_FAIL  api@0.0.1 dev: `nest start --watch`
Exit status 1
